-- phpMyAdmin SQL Dump
-- version 4.8.3
-- https://www.phpmyadmin.net/
--
-- Host: 127.0.0.1
-- Generation Time: Nov 25, 2018 at 12:06 PM
-- Server version: 10.1.36-MariaDB
-- PHP Version: 7.2.10

SET SQL_MODE = "NO_AUTO_VALUE_ON_ZERO";
SET AUTOCOMMIT = 0;
START TRANSACTION;
SET time_zone = "+00:00";


/*!40101 SET @OLD_CHARACTER_SET_CLIENT=@@CHARACTER_SET_CLIENT */;
/*!40101 SET @OLD_CHARACTER_SET_RESULTS=@@CHARACTER_SET_RESULTS */;
/*!40101 SET @OLD_COLLATION_CONNECTION=@@COLLATION_CONNECTION */;
/*!40101 SET NAMES utf8mb4 */;

--
-- Database: `wallpaper_store`
--

-- --------------------------------------------------------

--
-- Table structure for table `category`
--

CREATE TABLE `category` (
  `category_name` varchar(30) NOT NULL
) ENGINE=InnoDB DEFAULT CHARSET=utf8;

--
-- Dumping data for table `category`
--

INSERT INTO `category` (`category_name`) VALUES
('Abstract'),
('Animals'),
('Anime'),
('Artist'),
('Bikes'),
('Cars'),
('Music'),
('Nature'),
('Sports'),
('Superheros'),
('Television');

-- --------------------------------------------------------

--
-- Table structure for table `user`
--

CREATE TABLE `user` (
  `username` varchar(20) NOT NULL,
  `password` varchar(30) NOT NULL,
  `email` varchar(30) DEFAULT NULL
) ENGINE=InnoDB DEFAULT CHARSET=utf8;

--
-- Dumping data for table `user`
--

INSERT INTO `user` (`username`, `password`, `email`) VALUES
('', '', ''),
('a', 'asdfgh', 'abc@abc.com'),
('chachasmurf', 'mimimomo1234$', 'chachasmurf@smurf.com'),
('sandman', 'asdf1234!', 'sandman@sand.com'),
('shathin', 'Qwerty123$', 'lul@lol.com');

-- --------------------------------------------------------

--
-- Table structure for table `wallpapers`
--

CREATE TABLE `wallpapers` (
  `category_name` varchar(20) NOT NULL,
  `wallpaper_url` varchar(150) NOT NULL,
  `premium` varchar(10) DEFAULT NULL
) ENGINE=InnoDB DEFAULT CHARSET=utf8;

--
-- Dumping data for table `wallpapers`
--

INSERT INTO `wallpapers` (`category_name`, `wallpaper_url`, `premium`) VALUES
('Abstract', 'assets/images/5k-digital-art-p3.jpg', 'Premium\r'),
('Abstract', 'assets/images/digital-shapes-ar.jpg', '\r'),
('Abstract', 'assets/images/abstract-dark-lights-creating-shapes-4k-zo.jpg', '\r'),
('Abstract', 'assets/images/water-color-abstract-0v.jpg', 'Premium\r'),
('Abstract', 'assets/images/sun-desert-abstract-artwork-lg.jpg', '\r'),
('Abstract', 'assets/images/fire-rise-blur-yp.jpg', 'Premium\r'),
('Abstract', 'assets/images/green-abstract-circle-4k-02.jpg', 'Premium\r'),
('Abstract', 'assets/images/overwerk-triangle-abstract-hd-4c.jpg', '\r'),
('Abstract', 'assets/images/material-blue-abstract-wc.jpg', '\r'),
('Abstract', 'assets/images/layers-abstract-5k-os.jpg', '\r'),
('Abstract', 'assets/images/raw-fractals-digital-art-5k-45.jpg', 'Premium\r'),
('Abstract', 'assets/images/dark-green-material-design-gc.jpg', '\r'),
('Abstract', 'assets/images/abstract-blur-minimalist-x9.jpg', '\r'),
('Abstract', 'assets/images/abstract-fractal-digital-art-loop-h7.jpg', 'Premium\r'),
('Abstract', 'assets/images/abstract-falling-down-4k-dk.jpg', 'Premium\r'),
('Abstract', 'assets/images/city-abstract-photography-pq.jpg', 'Premium\r'),
('Abstract', 'assets/images/digital-art-4d-rz.jpg', 'Premium\r'),
('Abstract', 'assets/images/abstract-arts-9v.jpg', 'Premium\r'),
('Abstract', 'assets/images/psychedelic-bg.jpg', 'Premium\r'),
('Abstract', 'assets/images/abstract-conflict-4k-xq.jpg', 'Premium\r'),
('Abstract', 'assets/images/abstract-fractal-5k-aa.jpg', 'Premium\r'),
('Abstract', 'assets/images/abstract-render-5k-rm.jpg', '\r'),
('Abstract', 'assets/images/abstract-new-light-il.jpg', 'Premium\r'),
('Abstract', 'assets/images/digital-art-abstract-green-da.jpg', 'Premium\r'),
('Abstract', 'assets/images/abstract-background-5k-oy.jpg', '\r'),
('Abstract', 'assets/images/rings-space-4k-qr.jpg', 'Premium\r'),
('Abstract', 'assets/images/creative-abstract-texture-pm.jpg', '\r'),
('Abstract', 'assets/images/fractal-abstract-uw.jpg', '\r'),
('Abstract', 'assets/images/digital-abstract-shapes-art-t8.jpg', 'Premium\r'),
('Abstract', 'assets/images/dark-abstract-shapes-qp.jpg', 'Premium\r'),
('Abstract', 'assets/images/abstract-best-digital-art-5k-9v.jpg', 'Premium\r'),
('Abstract', 'assets/images/abstract-digital-shapes-4k-zk.jpg', '\r'),
('Abstract', 'assets/images/abstract-pink-5k-gu.jpg', 'Premium\r'),
('Abstract', 'assets/images/one-plus-6t-stock-a3.jpg', '\r'),
('Abstract', 'assets/images/yellow-fractal-digital-art-mu.jpg', '\r'),
('Abstract', 'assets/images/abstract-digital-art-4k-kc.jpg', 'Premium\r'),
('Abstract', 'assets/images/apple-ipad-2018-va.jpg', 'Premium\r'),
('Abstract', 'assets/images/leather-texture-black-4k-d3.jpg', 'Premium\r'),
('Abstract', 'assets/images/apple-ipad-pro-2018-stock-4k-46.jpg', 'Premium\r'),
('Abstract', 'assets/images/leather-texture-blue-4k-si.jpg', '\r'),
('Abstract', 'assets/images/abstract-color-4k-a9.jpg', 'Premium\r'),
('Abstract', 'assets/images/ipad-pro-2018-5s.jpg', '\r'),
('Abstract', 'assets/images/vector-abstracts-fractal-glow-4k-xb.jpg', '\r'),
('Abstract', 'assets/images/purple-abstract-hd-4k-hk.jpg', 'Premium\r'),
('Abstract', 'assets/images/colors-design-vector-abstract-jv.jpg', '\r'),
('Abstract', 'assets/images/colorful-4k-abstract-kt.jpg', 'Premium\r'),
('Abstract', 'assets/images/waves-of-color-5k-qu.jpg', 'Premium\r'),
('Abstract', 'assets/images/abstract-particles-zp.jpg', 'Premium\r'),
('Abstract', 'assets/images/abstract-colorfuls-4k-6j.jpg', 'Premium\r'),
('Abstract', 'assets/images/ipad-pro-new-li.jpg', 'Premium\r'),
('Abstract', 'assets/images/leather-texture-brown-4k-lp.jpg', '\r'),
('Abstract', 'assets/images/digital-art-abstract-4k-pn.jpg', 'Premium\r'),
('Abstract', 'assets/images/ipad-2018-stock-cz.jpg', 'Premium\r'),
('Abstract', 'assets/images/lava-gum-abstract-4k-jj.jpg', 'Premium\r'),
('Abstract', 'assets/images/lava-abstract-3p.jpg', '\r'),
('Abstract', 'assets/images/lava-fluid-abstract-4k-r9.jpg', 'Premium\r'),
('Abstract', 'assets/images/abstract-new-life-4k-et.jpg', '\r'),
('Abstract', 'assets/images/abstract-destruction-4k-it.jpg', '\r'),
('Abstract', 'assets/images/abstract-vs-nature-4s.jpg', '\r'),
('Abstract', 'assets/images/abstract-graphic-design-4k-yj.jpg', 'Premium\r'),
('Abstract', 'assets/images/3d-abstract-4k-n8.jpg', 'Premium\r'),
('Abstract', 'assets/images/abstract-illustration-4k-df.jpg', '\r'),
('Abstract', 'assets/images/illustration-digital-arts-4k-1g.jpg', 'Premium\r'),
('Abstract', 'assets/images/material-stripes-design-je.jpg', 'Premium\r'),
('Abstract', 'assets/images/4k-digital-art-light-shine-gs.jpg', '\r'),
('Abstract', 'assets/images/abstract-ribbon-4k-l3.jpg', '\r'),
('Abstract', 'assets/images/ribbon-graphics-abstract-oe.jpg', 'Premium\r'),
('Abstract', 'assets/images/dark-material-design-bx.jpg', 'Premium\r'),
('Abstract', 'assets/images/purple-blue-abstract-art-4k-x7.jpg', 'Premium\r'),
('Abstract', 'assets/images/motion-graphics-illustration-4k-zg.jpg', '\r'),
('Abstract', 'assets/images/abstract-lines-glowing-waves-v6.jpg', 'Premium\r'),
('Abstract', 'assets/images/blur-abstract-lights-5k-k1.jpg', '\r'),
('Abstract', 'assets/images/5k-abstract-colors-vector-1v.jpg', 'Premium\r'),
('Abstract', 'assets/images/long-exposure-road-abstract-vu.jpg', 'Premium\r'),
('Abstract', 'assets/images/building-windows-grid-abstract-yh.jpg', '\r'),
('Abstract', 'assets/images/xperia-z-abstract-5k-lo.jpg', 'Premium\r'),
('Abstract', 'assets/images/abstract-blue-textures-4k-1n.jpg', 'Premium\r'),
('Abstract', 'assets/images/abstract-circle-loop-ak.jpg', 'Premium\r'),
('Abstract', 'assets/images/abstract-dark-grey-ju.jpg', 'Premium\r'),
('Abstract', 'assets/images/retrowave-abstract-ad.jpg', 'Premium\r'),
('Abstract', 'assets/images/abstract-shapes-pipes-4k-9s.jpg', '\r'),
('Abstract', 'assets/images/abstract-blue-glitter-4k-ui.jpg', '\r'),
('Abstract', 'assets/images/triangle-broken-glass-abstract-5k-al.jpg', 'Premium\r'),
('Abstract', 'assets/images/space-x-rocket-4k-3b.jpg', 'Premium\r'),
('Abstract', 'assets/images/blurred-lines-abstract-iz.jpg', 'Premium\r'),
('Abstract', 'assets/images/abstract-energy-glow-4k-9e.jpg', '\r'),
('Abstract', 'assets/images/abstract-purple-mb.jpg', '\r'),
('Abstract', 'assets/images/colorful-illustration-digital-art-4k-t1.jpg', '\r'),
('Abstract', 'assets/images/red-black-color-interval-abstract-4k-ua.jpg', '\r'),
('Abstract', 'assets/images/abstract-waves-colorful-4k-d7.jpg', '\r'),
('Abstract', 'assets/images/abstract-3d-shapes-zi.jpg', '\r'),
('Abstract', 'assets/images/hexagon-abstract-5k-5w.jpg', '\r'),
('Abstract', 'assets/images/patterns-abstract-vn.jpg', '\r'),
('Abstract', 'assets/images/apple-abstract-3d-13.jpg', '\r'),
('Abstract', 'assets/images/cool-abstract-shapes-digital-art-5k-17.jpg', '\r'),
('Abstract', 'assets/images/geometric-figures-abstract-5k-kv.jpg', '\r'),
('Abstract', 'assets/images/exploded-star-abstract-c8.jpg', '\r'),
('Abstract', 'assets/images/abstract-space-scifi-digital-art-4k-6m.jpg', '\r'),
('Abstract', 'assets/images/dots-dark-4k-vi.jpg', '\r'),
('Abstract', 'assets/images/meta-abstract-hv.jpg', '\r'),
('Abstract', 'assets/images/canon-colors-blossom-abstract-9l.jpg', 'Premium\r'),
('Abstract', 'assets/images/abstract-polygon-3d-grid-art-n9.jpg', '\r'),
('Abstract', 'assets/images/abstract-elegance-hs.jpg', 'Premium\r'),
('Abstract', 'assets/images/overwerk-abstract-ur.jpg', '\r'),
('Abstract', 'assets/images/abstract-lines-dark-4k-mg.jpg', 'Premium\r'),
('Abstract', 'assets/images/paint-splatter-abstract-4k-8s.jpg', '\r'),
('Abstract', 'assets/images/5k-digital-art-abstract-pi.jpg', 'Premium\r'),
('Abstract', 'assets/images/space-abstract-digital-art-4k-9d.jpg', '\r'),
('Abstract', 'assets/images/abstract-dark-colorful-subtle-4k-xo.jpg', 'Premium\r'),
('Abstract', 'assets/images/overwerk-abstract-minimalistic-dark-4u.jpg', '\r'),
('Abstract', 'assets/images/abstract-cyberspace-geometry-5k-wb.jpg', 'Premium\r'),
('Abstract', 'assets/images/blue-blur-minimal-5k-yp.jpg', '\r'),
('Abstract', 'assets/images/geometry-abstract-material-design-pk.jpg', '\r'),
('Abstract', 'assets/images/abstract-3d-lines-minimalist-4k-cj.jpg', 'Premium\r'),
('Abstract', 'assets/images/polygon-art-geometry-blue-abstract-4k-2c.jpg', 'Premium\r'),
('Abstract', 'assets/images/abstract-minimalist-dark-stripes-px.jpg', '\r'),
('Abstract', 'assets/images/geometry-cyberspace-abstract-5k-mt.jpg', '\r'),
('Abstract', 'assets/images/abstract-digital-art-colors-0h.jpg', '\r'),
('Abstract', 'assets/images/geometry-square-abstract-15.jpg', 'Premium\r'),
('Abstract', 'assets/images/abstract-visual-effects-digital-art-f0.jpg', '\r'),
('Abstract', 'assets/images/planet-abstract-purple-gradient-5k-1f.jpg', '\r'),
('Abstract', 'assets/images/digital-art-abstract-fractal-glow-vectors-5k-ju.jpg', 'Premium\r'),
('Abstract', 'assets/images/abstract-3d-curve-doodle-jm.jpg', '\r'),
('Abstract', 'assets/images/5k-abstract-colors-mw.jpg', 'Premium\r'),
('Abstract', 'assets/images/abstract-blue-color-5k-8h.jpg', 'Premium\r'),
('Abstract', 'assets/images/abstract-descending-shapes-s4.jpg', '\r'),
('Abstract', 'assets/images/vector-digital-art-3b.jpg', 'Premium\r'),
('Abstract', 'assets/images/abstract-blockchain-2t.jpg', 'Premium\r'),
('Abstract', 'assets/images/abstract-blue-gradient-11.jpg', 'Premium\r'),
('Abstract', 'assets/images/rose-abstract-4k-ra.jpg', 'Premium\r'),
('Abstract', 'assets/images/graphic-design-illustration-abstract-4k-ag.jpg', '\r'),
('Abstract', 'assets/images/abstract-ribbons-4k-nh.jpg', '\r'),
('Abstract', 'assets/images/colorful-illustration-abstract-4k-4z.jpg', 'Premium\r'),
('Abstract', 'assets/images/watercolor-abstract-art-4k-3l.jpg', '\r'),
('Abstract', 'assets/images/graphics-digital-art-abstract-zz.jpg', 'Premium\r'),
('Abstract', 'assets/images/blue-cyan-orange-abstract-4k-6y.jpg', 'Premium\r'),
('Abstract', 'assets/images/mkbhd-overprint-abstract-5k-y1.jpg', '\r'),
('Abstract', 'assets/images/red-gradient-minimal-4k-yj.jpg', 'Premium\r'),
('Abstract', 'assets/images/polygon-abstract-shapes-sharp-4k-wt.jpg', '\r'),
('Abstract', 'assets/images/abstract-graphic-design-s8.jpg', 'Premium\r'),
('Abstract', 'assets/images/abstract-motion-geometry-8k-9h.jpg', 'Premium\r'),
('Abstract', 'assets/images/abstract-circle-rotation-4k-7p.jpg', '\r'),
('Abstract', 'assets/images/digital-art-abstract-ok.jpg', '\r'),
('Abstract', 'assets/images/abstract-destruction-wt.jpg', '\r'),
('Abstract', 'assets/images/5k-abstract-shphere-ot.jpg', '\r'),
('Abstract', 'assets/images/abstract-shphere-5k-oa.jpg', 'Premium\r'),
('Abstract', 'assets/images/pixel-sorting-art-0h.jpg', '\r'),
('Abstract', 'assets/images/pixels-glitch-abstract-uy.jpg', 'Premium\r'),
('Abstract', 'assets/images/pixel-sorting-1l.jpg', '\r'),
('Abstract', 'assets/images/abstract-destuction-digital-art-4k-t1.jpg', 'Premium\r'),
('Abstract', 'assets/images/floral-pattern-abstract-qq.jpg', '\r'),
('Abstract', 'assets/images/abstract-3d-sharp-shapes-hz.jpg', 'Premium\r'),
('Abstract', 'assets/images/refresh-logo-minimalism-4k-ci.jpg', '\r'),
('Abstract', 'assets/images/5k-abstract-vector-art-3f.jpg', '\r'),
('Abstract', 'assets/images/fractal-globe-digital-art-5k-mc.jpg', 'Premium\r'),
('Abstract', 'assets/images/dark-minimalist-blur-4k-4o.jpg', 'Premium\r'),
('Abstract', 'assets/images/orange-burning-dark-shape-abstract-5k-4q.jpg', 'Premium\r'),
('Abstract', 'assets/images/dark-abstract-blur-4k-on.jpg', 'Premium\r'),
('Abstract', 'assets/images/small-grids-abstract-5k-0x.jpg', 'Premium\r'),
('Abstract', 'assets/images/xiaomi-mi-gaming-laptop-stock-4k-nx.jpg', '\r'),
('Abstract', 'assets/images/abstract-simple-colors-8k-jk.jpg', '\r'),
('Abstract', 'assets/images/digital-art-abstract-3d-6v.jpg', '\r'),
('Abstract', 'assets/images/colorful-illustration-abstract-4k-4z.jpg', 'Premium\r'),
('Abstract', 'assets/images/watercolor-abstract-art-4k-3l.jpg', '\r'),
('Abstract', 'assets/images/graphics-digital-art-abstract-zz.jpg', 'Premium\r'),
('Abstract', 'assets/images/blue-cyan-orange-abstract-4k-6y.jpg', '\r'),
('Abstract', 'assets/images/mkbhd-overprint-abstract-5k-y1.jpg', 'Premium\r'),
('Abstract', 'assets/images/red-gradient-minimal-4k-yj.jpg', 'Premium\r'),
('Abstract', 'assets/images/polygon-abstract-shapes-sharp-4k-wt.jpg', 'Premium\r'),
('Abstract', 'assets/images/abstract-graphic-design-s8.jpg', 'Premium\r'),
('Abstract', 'assets/images/abstract-motion-geometry-8k-9h.jpg', '\r'),
('Abstract', 'assets/images/abstract-circle-rotation-4k-7p.jpg', '\r'),
('Abstract', 'assets/images/digital-art-abstract-ok.jpg', '\r'),
('Abstract', 'assets/images/abstract-destruction-wt.jpg', 'Premium\r'),
('Abstract', 'assets/images/5k-abstract-shphere-ot.jpg', '\r'),
('Abstract', 'assets/images/abstract-shphere-5k-oa.jpg', 'Premium\r'),
('Abstract', 'assets/images/pixel-sorting-art-0h.jpg', 'Premium\r'),
('Abstract', 'assets/images/pixels-glitch-abstract-uy.jpg', 'Premium\r'),
('Abstract', 'assets/images/pixel-sorting-1l.jpg', 'Premium\r'),
('Abstract', 'assets/images/abstract-destuction-digital-art-4k-t1.jpg', 'Premium\r'),
('Animals', 'assets/images/cute-kittens-lg.jpg', '\r'),
('Animals', 'assets/images/fox-enjoying-snowfall-4c.jpg', '\r'),
('Animals', 'assets/images/black-wolf-q4.jpg', '\r'),
('Animals', 'assets/images/white-sheep-photography-8k-on.jpg', 'Premium\r'),
('Animals', 'assets/images/blue-butterfly-4k-e5.jpg', '\r'),
('Animals', 'assets/images/goldfish-fg.jpg', '\r'),
('Animals', 'assets/images/big-lion-2l.jpg', 'Premium\r'),
('Animals', 'assets/images/cat-hiding-behind-tree-90.jpg', 'Premium\r'),
('Animals', 'assets/images/white-wolf-sw.jpg', '\r'),
('Animals', 'assets/images/lynx-5k-z9.jpg', 'Premium\r'),
('Animals', 'assets/images/cute-fox-cub-pz.jpg', 'Premium\r'),
('Animals', 'assets/images/squirrel-walking-on-fence-5k-eo.jpg', '\r'),
('Animals', 'assets/images/siberian-husky-4k-wu.jpg', 'Premium\r'),
('Animals', 'assets/images/lion-fantasy-colorful-art-ex.jpg', 'Premium\r'),
('Animals', 'assets/images/horse-legs-in-air-4k-dy.jpg', '\r'),
('Animals', 'assets/images/elk-forest-landscape-conservation-1a.jpg', 'Premium\r'),
('Animals', 'assets/images/4k-leopard-wa.jpg', 'Premium\r'),
('Animals', 'assets/images/clownfish-sea-5k-yz.jpg', '\r'),
('Animals', 'assets/images/butterfly-on-leaf-sm.jpg', '\r'),
('Animals', 'assets/images/lizard-eye-macro-5k-ru.jpg', 'Premium\r'),
('Animals', 'assets/images/wild-horse-8k-a9.jpg', 'Premium\r'),
('Animals', 'assets/images/wild-horse-5k-du.jpg', '\r'),
('Animals', 'assets/images/beagle-dog-in-joy-pv.jpg', 'Premium\r'),
('Animals', 'assets/images/persian-cat-5k-op.jpg', 'Premium\r'),
('Animals', 'assets/images/cat-watching-sunset-4k-jw.jpg', 'Premium\r'),
('Animals', 'assets/images/boston-terrier-uh.jpg', '\r'),
('Animals', 'assets/images/cat-in-bucket-av.jpg', '\r'),
('Animals', 'assets/images/big-white-tiger-86.jpg', '\r'),
('Animals', 'assets/images/lion-sitting-on-rock-4k-jo.jpg', '\r'),
('Animals', 'assets/images/leopard-animal-4k-gw.jpg', 'Premium\r'),
('Animals', 'assets/images/cat-road-lights-gy.jpg', '\r'),
('Animals', 'assets/images/tiger-wild-cf.jpg', 'Premium\r'),
('Animals', 'assets/images/green-lizard-reptile-macro-4k-jv.jpg', '\r'),
('Animals', 'assets/images/horses-running-dust-monochrome-4k-g9.jpg', 'Premium\r'),
('Animals', 'assets/images/rabbit-5k-lz.jpg', '\r'),
('Animals', 'assets/images/cat-blue-eyes-wv.jpg', '\r'),
('Animals', 'assets/images/manta-ray-4k-u7.jpg', 'Premium\r'),
('Animals', 'assets/images/lion-with-open-mouth-5k-dv.jpg', 'Premium\r'),
('Animals', 'assets/images/deer-fog-dusk-sunset-4k-5f.jpg', 'Premium\r'),
('Animals', 'assets/images/juvenile-king-penguins-5k-ja.jpg', '\r'),
('Animals', 'assets/images/lynx-b8.jpg', 'Premium\r'),
('Animals', 'assets/images/wild-lion-4k-b0.jpg', 'Premium\r'),
('Animals', 'assets/images/lion-art-4k-nf.jpg', 'Premium\r'),
('Animals', 'assets/images/lion-cubs-in-jungle-53.jpg', '\r'),
('Animals', 'assets/images/swan-lake-5k-de.jpg', 'Premium\r'),
('Animals', 'assets/images/jellyfish-12k-jn.jpg', '\r'),
('Animals', 'assets/images/horses-5k-yr.jpg', '\r'),
('Animals', 'assets/images/wild-cat-hi.jpg', 'Premium\r'),
('Animals', 'assets/images/frog-wild-aw.jpg', 'Premium\r'),
('Animals', 'assets/images/turtle-oled-4k-4j.jpg', 'Premium\r'),
('Animals', 'assets/images/dolphin-5k-eh.jpg', '\r'),
('Animals', 'assets/images/wild-cat-5k-fr.jpg', 'Premium\r'),
('Animals', 'assets/images/cat-oled-5k-tp.jpg', '\r'),
('Animals', 'assets/images/female-lioness-4k-8j.jpg', '\r'),
('Animals', 'assets/images/penguins-following-leader-rx.jpg', '\r'),
('Animals', 'assets/images/white-tiger-dreamy-ks.jpg', 'Premium\r'),
('Animals', 'assets/images/lion-cub-on.jpg', 'Premium\r'),
('Animals', 'assets/images/leopard-dark-monochrome-5k-m0.jpg', 'Premium\r'),
('Animals', 'assets/images/penguin-looking-out-5k-tj.jpg', '\r'),
('Animals', 'assets/images/turtle-underwater-4k-sg.jpg', 'Premium\r'),
('Animals', 'assets/images/baby-cheetah-5k-ii.jpg', 'Premium\r'),
('Animals', 'assets/images/bald-eagle-8k-oe.jpg', '\r'),
('Animals', 'assets/images/cute-squirrel-4k-la.jpg', '\r'),
('Animals', 'assets/images/baby-shark-4k-px.jpg', 'Premium\r'),
('Animals', 'assets/images/sharks-4k-jc.jpg', '\r'),
('Animals', 'assets/images/old-lion-of.jpg', '\r'),
('Animals', 'assets/images/small-kitten-ba.jpg', '\r'),
('Animals', 'assets/images/cute-white-tiger-cub-uf.jpg', 'Premium\r'),
('Animals', 'assets/images/leopard-wild-animal-97.jpg', 'Premium\r'),
('Animals', 'assets/images/cute-small-puppy-brown-hairs-73.jpg', '\r'),
('Animals', 'assets/images/beard-lion-3w.jpg', '\r'),
('Animals', 'assets/images/cougar-1s.jpg', '\r'),
('Animals', 'assets/images/small-kitten-ba.jpg', 'Premium\r'),
('Animals', 'assets/images/cute-white-tiger-cub-uf.jpg', 'Premium\r'),
('Animals', 'assets/images/leopard-wild-animal-97.jpg', 'Premium\r'),
('Animals', 'assets/images/cute-small-puppy-brown-hairs-73.jpg', 'Premium\r'),
('Animals', 'assets/images/beard-lion-3w.jpg', '\r'),
('Animals', 'assets/images/cougar-1s.jpg', 'Premium\r'),
('Animals', 'assets/images/big-cat-jaguar-9i.jpg', 'Premium\r'),
('Animals', 'assets/images/lion-silhouette-qn.jpg', 'Premium\r'),
('Animals', 'assets/images/predator-lion-4k-pt.jpg', '\r'),
('Animals', 'assets/images/deer-horns-4k-yt.jpg', '\r'),
('Animals', 'assets/images/tiger-glance-4k-x4.jpg', '\r'),
('Animals', 'assets/images/wild-wolf-5k-ib.jpg', '\r'),
('Animals', 'assets/images/leopard-ultra-hd-4k-sh.jpg', 'Premium\r'),
('Animals', 'assets/images/tiger-wild-animal-4k-oj.jpg', 'Premium\r'),
('Animals', 'assets/images/desert-camels-evening-silhouette-up.jpg', '\r'),
('Animals', 'assets/images/black-cat-green-eyes-wl.jpg', 'Premium\r'),
('Animals', 'assets/images/lion-big-cats-4k-hd.jpg', 'Premium\r'),
('Animals', 'assets/images/lion-and-cub-jv.jpg', '\r'),
('Animals', 'assets/images/rabbit-ears-in-the-grass-5k-q8.jpg', '\r'),
('Animals', 'assets/images/cheetah-predator-animal-sf.jpg', '\r'),
('Animals', 'assets/images/dog-swimming-zx.jpg', 'Premium\r'),
('Animals', 'assets/images/jellyfish-underwater-5k-b3.jpg', 'Premium\r'),
('Animals', 'assets/images/white-tiger-climbing-tree-jv.jpg', '\r'),
('Animals', 'assets/images/cat-animals-qh.jpg', '\r'),
('Animals', 'assets/images/lion-forest-5k-0v.jpg', '\r'),
('Animals', 'assets/images/moose-forest-animal-dawn-silhouette-aurora-2u.jpg', 'Premium\r'),
('Animals', 'assets/images/horse-sunset-sea-light-reflections-5k-vw.jpg', 'Premium\r'),
('Animals', 'assets/images/basset-hound-jn.jpg', 'Premium\r'),
('Animals', 'assets/images/tiger-baby-felidaee-p8.jpg', '\r'),
('Animals', 'assets/images/snow-wolf-ck.jpg', 'Premium\r'),
('Animals', 'assets/images/butterfly-on-flowers-8k.jpg', '\r'),
('Animals', 'assets/images/fox-with-girl-depth-of-field-9c.jpg', 'Premium\r'),
('Animals', 'assets/images/4k-jellyfish-eh.jpg', '\r'),
('Animals', 'assets/images/jaguar-the-big-cat-19.jpg', 'Premium\r'),
('Animals', 'assets/images/fox-in-winter-y9.jpg', '\r'),
('Animals', 'assets/images/5k-jellyfish-dk.jpg', '\r'),
('Animals', 'assets/images/cat-sleeping-relax-cute-5k-a9.jpg', '\r'),
('Animals', 'assets/images/pink-jellyfish-5k-30.jpg', 'Premium\r'),
('Animals', 'assets/images/cheetah-close-up-ml.jpg', 'Premium\r'),
('Animals', 'assets/images/jellyfish-4k-zc.jpg', 'Premium\r'),
('Animals', 'assets/images/fox-on-lake-n8.jpg', 'Premium\r'),
('Animals', 'assets/images/persian-leopard-in-snow-5k-zn.jpg', '\r'),
('Animals', 'assets/images/jellyfish-digital-art-ca.jpg', '\r'),
('Animals', 'assets/images/dolphin-jumping-out-of-water-sunset-view-4k-b3.jpg', '\r'),
('Animals', 'assets/images/lions-africa-silhouette-sunset-od.jpg', 'Premium\r'),
('Animals', 'assets/images/lion-in-zoo-4k-vx.jpg', 'Premium\r'),
('Animals', 'assets/images/turtle-underwater-yl.jpg', '\r'),
('Animals', 'assets/images/jellyfishes-4k-pj.jpg', 'Premium\r'),
('Animals', 'assets/images/lion-blue-eyes-monochrome-5k-nn.jpg', 'Premium\r'),
('Animals', 'assets/images/siamese-fighting-fish-4k-p5.jpg', '\r'),
('Animals', 'assets/images/tiger-closeup-4k-v7.jpg', 'Premium\r'),
('Animals', 'assets/images/elephant-s2.jpg', 'Premium\r'),
('Animals', 'assets/images/dog-looking-outside-car-window-xk.jpg', 'Premium\r'),
('Animals', 'assets/images/dolphin-hd-76.jpg', '\r'),
('Animals', 'assets/images/shark-5k-vb.jpg', '\r'),
('Animals', 'assets/images/tiger-roar-teeth-xq.jpg', '\r'),
('Animals', 'assets/images/tiger-water-4k-ws.jpg', 'Premium\r'),
('Animals', 'assets/images/horse-grayscale-hy.jpg', 'Premium\r'),
('Animals', 'assets/images/cat-face-jv.jpg', 'Premium\r'),
('Animals', 'assets/images/5k-leopard-fk.jpg', 'Premium\r'),
('Animals', 'assets/images/nemo-fish-in-real-underwater-5k-br.jpg', '\r'),
('Animals', 'assets/images/cat-sleeping-qe.jpg', 'Premium\r'),
('Animals', 'assets/images/siberian-tiger-in-snow-ib.jpg', '\r'),
('Animals', 'assets/images/deer-mammal-forest-sunbeams-4k-5k-md.jpg', 'Premium\r'),
('Animals', 'assets/images/small-fishes-56.jpg', '\r'),
('Animals', 'assets/images/shark-fish-3n.jpg', '\r'),
('Animals', 'assets/images/lions-wildlife-5k-s3.jpg', 'Premium\r'),
('Animals', 'assets/images/white-tiger-5k-qa.jpg', '\r'),
('Animals', 'assets/images/tiger-closeup-l0.jpg', 'Premium\r'),
('Animals', 'assets/images/black-french-bulldog-cute-puppy-vf.jpg', 'Premium\r'),
('Animals', 'assets/images/fantasy-leopard-rainbow-29.jpg', 'Premium\r'),
('Animals', 'assets/images/dog-in-winter-with-snow-over-face-y1.jpg', 'Premium\r'),
('Animals', 'assets/images/lions-wildlife-5k-s3.jpg', '\r'),
('Animals', 'assets/images/white-tiger-5k-qa.jpg', '\r'),
('Animals', 'assets/images/tiger-closeup-l0.jpg', 'Premium\r'),
('Animals', 'assets/images/black-french-bulldog-cute-puppy-vf.jpg', 'Premium\r'),
('Animals', 'assets/images/fantasy-leopard-rainbow-29.jpg', 'Premium\r'),
('Animals', 'assets/images/dog-in-winter-with-snow-over-face-y1.jpg', '\r'),
('Animals', 'assets/images/cat-glasses-party-cool-painting-tx.jpg', '\r'),
('Animals', 'assets/images/lion-4k-lake-vu.jpg', '\r'),
('Animals', 'assets/images/elk-on-horizon-sunset-evening-z6.jpg', 'Premium\r'),
('Animals', 'assets/images/lion-close-up-bx.jpg', 'Premium\r'),
('Animals', 'assets/images/lion-lioness-artwork-4k-7u.jpg', 'Premium\r'),
('Animals', 'assets/images/goku-dragon-ball-super-4k-oz.jpg', 'Premium\r'),
('Animals', 'assets/images/polar-bear-cold-snow-5k-el.jpg', 'Premium\r'),
('Animals', 'assets/images/jeanne-alter-anime-fate-grand-order-y9.jpg', '\r'),
('Animals', 'assets/images/cute-anime-girl-with-bicycle-listening-music-on-headphones-5p.jpg', '\r'),
('Animals', 'assets/images/african-lion-hd-xq.jpg', 'Premium\r'),
('Animals', 'assets/images/cheetah-cute-cub-4k-sp.jpg', '\r'),
('Animals', 'assets/images/bulldog-in-rainy-weather-co.jpg', 'Premium\r'),
('Animals', 'assets/images/wild-fox-in-snow-jp.jpg', 'Premium\r'),
('Animals', 'assets/images/dog-running-in-a-snow-oz.jpg', '\r'),
('Animals', 'assets/images/french-bull-dog-4k-m5.jpg', 'Premium\r'),
('Animals', 'assets/images/lion-big-cat-64.jpg', '\r'),
('Animals', 'assets/images/dark-horse-8b.jpg', 'Premium\r'),
('Animals', 'assets/images/deer-wild-nature-forest-4k-wg.jpg', '\r'),
('Animals', 'assets/images/leopard-4k-glowing-eyes-kv.jpg', '\r'),
('Animals', 'assets/images/pug-puppy-u2.jpg', '\r'),
('Animals', 'assets/images/tiger-open-mouth-55.jpg', '\r'),
('Animals', 'assets/images/giant-lizard-4k-w2.jpg', '\r'),
('Animals', 'assets/images/turtle-reptile-underwater-g7.jpg', 'Premium\r'),
('Animals', 'assets/images/christmas-puppy-mj.jpg', '\r'),
('Animals', 'assets/images/camel-walking-through-desert-lv.jpg', 'Premium\r'),
('Animals', 'assets/images/black-cat-5k-pk.jpg', '\r'),
('Animals', 'assets/images/lion-ultra-hd-4k-8e.jpg', 'Premium\r'),
('Animals', 'assets/images/ladybug-2k.jpg', 'Premium\r'),
('Animals', 'assets/images/jaguar-animal-md.jpg', 'Premium\r'),
('Animals', 'assets/images/french-bull-dog-zb.jpg', 'Premium\r'),
('Anime', 'assets/images/anastasia-ni.jpg', 'Premium\r'),
('Anime', 'assets/images/goku-vegeta-dragon-ball-super-5k-uz.jpg', 'Premium\r'),
('Anime', 'assets/images/new-thought-19.jpg', 'Premium\r'),
('Anime', 'assets/images/supernova-anime-landscape-v5.jpg', '\r'),
('Anime', 'assets/images/anime-girl-doing-paiting-artwork-t7.jpg', '\r'),
('Anime', 'assets/images/kaori-miyazono-kousei-arima-c8.jpg', '\r'),
('Anime', 'assets/images/shana-shakugan-no-shana-i4.jpg', '\r'),
('Anime', 'assets/images/cardcaptor-sakura-b5.jpg', '\r'),
('Anime', 'assets/images/ruby-rose-in-rwby-8k-y5.jpg', '\r'),
('Anime', 'assets/images/anime-girl-night-moon-digital-art-ar.jpg', 'Premium\r'),
('Anime', 'assets/images/anime-girl-artistic-sunset-hr.jpg', 'Premium\r'),
('Anime', 'assets/images/shirase-sakuya-3h.jpg', 'Premium\r'),
('Anime', 'assets/images/goku-5k-art-x9.jpg', 'Premium\r'),
('Anime', 'assets/images/cute-anime-girl-pink-art-4k-47.jpg', 'Premium\r'),
('Anime', 'assets/images/naruto-with-cat-6d.jpg', 'Premium\r'),
('Anime', 'assets/images/anime-grisaia-phantom-trigger-3l.jpg', '\r'),
('Anime', 'assets/images/anime-naruto-dh.jpg', '\r'),
('Anime', 'assets/images/ultra-instinct-goku-4k-e3.jpg', '\r'),
('Anime', 'assets/images/anime-girl-night-moon-digital-art-ar.jpg', '\r'),
('Anime', 'assets/images/anime-girl-artistic-sunset-hr.jpg', 'Premium\r'),
('Anime', 'assets/images/shirase-sakuya-3h.jpg', 'Premium\r'),
('Anime', 'assets/images/goku-5k-art-x9.jpg', '\r'),
('Anime', 'assets/images/cute-anime-girl-pink-art-4k-47.jpg', 'Premium\r'),
('Anime', 'assets/images/naruto-with-cat-6d.jpg', '\r'),
('Anime', 'assets/images/anime-grisaia-phantom-trigger-3l.jpg', '\r'),
('Anime', 'assets/images/anime-naruto-dh.jpg', 'Premium\r'),
('Anime', 'assets/images/ultra-instinct-goku-4k-e3.jpg', '\r'),
('Anime', 'assets/images/fantasy-girl-art-mm.jpg', '\r'),
('Anime', 'assets/images/naruto-shippuuden-minimalist-4k-7k.jpg', '\r'),
('Anime', 'assets/images/5k-goku-dragon-ball-super-98.jpg', '\r'),
('Anime', 'assets/images/kakashi-hatake-naruto-minimalist-x7.jpg', 'Premium\r'),
('Anime', 'assets/images/anime-girl-elves-fantasy-art-art-z2.jpg', 'Premium\r'),
('Anime', 'assets/images/anime-girl-art-8k-ns.jpg', 'Premium\r'),
('Anime', 'assets/images/hatsune-miku-from-vocaloid-lp.jpg', '\r'),
('Anime', 'assets/images/anime-your-lie-in-april-7f.jpg', '\r'),
('Anime', 'assets/images/super-saiyan-19.jpg', '\r'),
('Anime', 'assets/images/super-saiyan-rose-black-jj.jpg', 'Premium\r'),
('Anime', 'assets/images/no-game-no-life-v5.jpg', '\r'),
('Anime', 'assets/images/assassination-classroom-nagisa-smile-b8.jpg', 'Premium\r'),
('Anime', 'assets/images/dragon-ball-super-caulifla-supersaiyajin-4k-o1.jpg', 'Premium\r'),
('Anime', 'assets/images/goku-meets-pennyswise-wy.jpg', 'Premium\r'),
('Anime', 'assets/images/dragon-ball-z-goku-5k-j0.jpg', '\r'),
('Anime', 'assets/images/akali-league-of-legends-8k-if.jpg', 'Premium\r'),
('Anime', 'assets/images/army-girl-anime-4k-pm.jpg', '\r'),
('Anime', 'assets/images/kakashi-hatake-4k-gf.jpg', 'Premium\r'),
('Anime', 'assets/images/sunset-meteors-stars-reflection-wf.jpg', 'Premium\r'),
('Anime', 'assets/images/nausicaa-of-the-valley-of-the-wind-5m.jpg', '\r'),
('Anime', 'assets/images/aoi-ogata-nz.jpg', '\r'),
('Anime', 'assets/images/anime-deep-blue-sky-and-pure-white-wings-qa.jpg', 'Premium\r'),
('Anime', 'assets/images/alita-battle-angel-anime-4k-mr.jpg', '\r'),
('Anime', 'assets/images/alita-battle-angel-5k-w3.jpg', '\r'),
('Anime', 'assets/images/rize-kamishiro-tokyo-ghoul-ye.jpg', 'Premium\r'),
('Anime', 'assets/images/counting-stars-b9.jpg', 'Premium\r'),
('Anime', 'assets/images/goblin-slayer-w7.jpg', 'Premium\r'),
('Anime', 'assets/images/hatsune-miku-blue-hair-5k-qx.jpg', 'Premium\r'),
('Anime', 'assets/images/assassin-anime-girl-with-sword-c4.jpg', 'Premium\r'),
('Anime', 'assets/images/vegito-artwork-4k-g5.jpg', 'Premium\r'),
('Anime', 'assets/images/lugia-pokemon-wa.jpg', '\r'),
('Anime', 'assets/images/anime-original-arts-vb.jpg', 'Premium\r'),
('Anime', 'assets/images/anime-gamer-girl-30.jpg', 'Premium\r'),
('Anime', 'assets/images/charlotte-mm.jpg', 'Premium\r'),
('Anime', 'assets/images/dragon-ball-super-goku-jire-ultra-instinct-ys.jpg', 'Premium\r'),
('Anime', 'assets/images/vegeta-dragon-ball-4k-cs.jpg', 'Premium\r'),
('Anime', 'assets/images/anime-girl-with-umbrella-4k-6b.jpg', '\r'),
('Anime', 'assets/images/darling-in-the-franxx-fan-art-iu.jpg', 'Premium\r'),
('Anime', 'assets/images/dva-overwatch-illustration-7l.jpg', 'Premium\r'),
('Anime', 'assets/images/4k-ken-kaneki-tokyo-ghoul-7w.jpg', 'Premium\r'),
('Anime', 'assets/images/the-witcher-uchiha-pj.jpg', '\r'),
('Anime', 'assets/images/goku-dragon-ball-super-anime-manga-4y.jpg', 'Premium\r'),
('Anime', 'assets/images/dragon-ball-fighters-v4.jpg', 'Premium\r'),
('Anime', 'assets/images/dragon-ball-super-kefla-legendary-super-saiyan-4k-dl.jpg', 'Premium\r'),
('Anime', 'assets/images/tiger-roar-qq.jpg', '\r'),
('Anime', 'assets/images/dragon-ball-fighters-kid-boo-i4.jpg', '\r'),
('Anime', 'assets/images/berserk-aj.jpg', '\r'),
('Anime', 'assets/images/natsu-dragneel-z3.jpg', 'Premium\r'),
('Anime', 'assets/images/one-punch-man-5k-art-oe.jpg', 'Premium\r'),
('Anime', 'assets/images/yorha-no-2-type-b-nier-automata-cosplay-5e.jpg', '\r'),
('Anime', 'assets/images/anime-girl-room-city-cat-kk.jpg', '\r'),
('Anime', 'assets/images/4k-anime-girl-5z.jpg', 'Premium\r'),
('Anime', 'assets/images/yorha-no-2-type-b-nier-automata-art-zf.jpg', '\r'),
('Anime', 'assets/images/tokyo-ghoul-touka-kirishima-5k-rt.jpg', '\r'),
('Anime', 'assets/images/anime-girl-with-horn-7s.jpg', '\r'),
('Anime', 'assets/images/anime-touhou-sagume-kishin-wings-dz.jpg', '\r'),
('Anime', 'assets/images/anime-fairy-tail-kagura-mikazuchi-5w.jpg', 'Premium\r'),
('Anime', 'assets/images/naruto-uzumaki-4k-n9.jpg', '\r'),
('Anime', 'assets/images/one-punch-man-artwork-4k-9q.jpg', '\r'),
('Anime', 'assets/images/ken-kaneki-tokyo-ghoul-5k-artwork-1j.jpg', 'Premium\r'),
('Anime', 'assets/images/yuri-dokidoki-9s.jpg', 'Premium\r'),
('Anime', 'assets/images/fate-stay-night-anime-girl-walking-through-stairs-h5.jpg', '\r'),
('Anime', 'assets/images/goku-ultra-instinct-dragon-ball-5k-t0.jpg', 'Premium\r'),
('Anime', 'assets/images/purple-eyes-long-hair-artistic-girl-4w.jpg', 'Premium\r'),
('Anime', 'assets/images/re-zero-starting-life-in-another-world-4k-15.jpg', '\r'),
('Anime', 'assets/images/andy-andelswitz-ns.jpg', '\r'),
('Anime', 'assets/images/anime-cityscape-landscape-scenery-5k-r6.jpg', 'Premium\r'),
('Anime', 'assets/images/anime-fate-stay-night-5k-3u.jpg', 'Premium\r'),
('Anime', 'assets/images/one-piece-monkey-d-luffy-f0.jpg', 'Premium\r'),
('Anime', 'assets/images/ringele-vs-freez-rc.jpg', '\r'),
('Anime', 'assets/images/vegeta-3d-art-i9.jpg', '\r'),
('Anime', 'assets/images/my-hero-academia-shouto-todoroki-wd.jpg', 'Premium\r'),
('Anime', 'assets/images/record-of-grancrest-war-ku.jpg', 'Premium\r'),
('Anime', 'assets/images/eijiro-kirishima-my-hero-academia-4k-cj.jpg', '\r'),
('Anime', 'assets/images/anime-long-hair-original-l4.jpg', 'Premium\r'),
('Anime', 'assets/images/anime-girl-with-guitar-passing-street-hz.jpg', '\r'),
('Anime', 'assets/images/satsuriku-no-tenshi-angels-of-death-anime-4k-ah.jpg', 'Premium\r'),
('Anime', 'assets/images/anime-girl-scifi-cu.jpg', '\r'),
('Anime', 'assets/images/hatsune-miku-long-pontytail-4k-rc.jpg', 'Premium\r'),
('Anime', 'assets/images/goku-5k-v7.jpg', '\r'),
('Anime', 'assets/images/anime-warrior-girl-with-sword-5k-qk.jpg', '\r'),
('Anime', 'assets/images/hanabi-yasuraoka-scums-wish-anime-y5.jpg', 'Premium\r'),
('Anime', 'assets/images/anime-angel-boy-with-magical-arrow-md.jpg', '\r'),
('Anime', 'assets/images/purple-eyes-long-hair-artistic-girl-4w.jpg', 'Premium\r'),
('Anime', 'assets/images/re-zero-starting-life-in-another-world-4k-15.jpg', '\r'),
('Anime', 'assets/images/andy-andelswitz-ns.jpg', '\r'),
('Anime', 'assets/images/anime-cityscape-landscape-scenery-5k-r6.jpg', 'Premium\r'),
('Anime', 'assets/images/anime-fate-stay-night-5k-3u.jpg', 'Premium\r'),
('Anime', 'assets/images/one-piece-monkey-d-luffy-f0.jpg', '\r'),
('Anime', 'assets/images/ringele-vs-freez-rc.jpg', 'Premium\r'),
('Anime', 'assets/images/vegeta-3d-art-i9.jpg', 'Premium\r'),
('Anime', 'assets/images/my-hero-academia-shouto-todoroki-wd.jpg', 'Premium\r'),
('Anime', 'assets/images/record-of-grancrest-war-ku.jpg', 'Premium\r'),
('Anime', 'assets/images/eijiro-kirishima-my-hero-academia-4k-cj.jpg', '\r'),
('Anime', 'assets/images/anime-long-hair-original-l4.jpg', '\r'),
('Anime', 'assets/images/anime-girl-with-guitar-passing-street-hz.jpg', '\r'),
('Anime', 'assets/images/satsuriku-no-tenshi-angels-of-death-anime-4k-ah.jpg', 'Premium\r'),
('Anime', 'assets/images/anime-girl-scifi-cu.jpg', '\r'),
('Anime', 'assets/images/hatsune-miku-long-pontytail-4k-rc.jpg', 'Premium\r'),
('Anime', 'assets/images/ken-kaneki-tokyo-ghoul-4k-art-w6.jpg', '\r'),
('Anime', 'assets/images/neon-genesis-evangelion-12k-08.jpg', '\r'),
('Anime', 'assets/images/goku-dragon-ball-fighterz-5k-2y.jpg', '\r'),
('Anime', 'assets/images/anime-original-bike-city-long-hair-artwork-vc.jpg', 'Premium\r'),
('Anime', 'assets/images/anime-girl-big-galaxy-eyes-xv.jpg', '\r'),
('Anime', 'assets/images/sasuke-uchiha-naruto-dj.jpg', '\r'),
('Anime', 'assets/images/one-piece-anime-4k-2018-uq.jpg', '\r'),
('Anime', 'assets/images/arknights-anime-1o.jpg', '\r'),
('Anime', 'assets/images/anime-fairy-tail-6i.jpg', 'Premium\r'),
('Anime', 'assets/images/anime-artwork-hd-f0.jpg', 'Premium\r'),
('Anime', 'assets/images/gohan-artwork-4k-mh.jpg', 'Premium\r'),
('Anime', 'assets/images/chibi-frieza-goku-ultra-instinct-dragon-ball-h9.jpg', '\r'),
('Anime', 'assets/images/sebastian-michaelis-black-butler-ih.jpg', '\r'),
('Anime', 'assets/images/shoto-todoroki-my-hero-academia-ll.jpg', 'Premium\r'),
('Anime', 'assets/images/warrior-girl-cyberpunk-futuristic-artwork-e5.jpg', '\r'),
('Anime', 'assets/images/shanks-one-piece-vy.jpg', '\r'),
('Anime', 'assets/images/anime-girl-white-hairs-green-eyes-5k-zh.jpg', 'Premium\r'),
('Anime', 'assets/images/satsuriku-no-tenshi-angels-of-death-4k-jn.jpg', '\r'),
('Anime', 'assets/images/sebastian-michaelis-black-butler-ih.jpg', '\r'),
('Anime', 'assets/images/shoto-todoroki-my-hero-academia-ll.jpg', '\r'),
('Anime', 'assets/images/warrior-girl-cyberpunk-futuristic-artwork-e5.jpg', '\r'),
('Anime', 'assets/images/shanks-one-piece-vy.jpg', 'Premium\r'),
('Anime', 'assets/images/anime-girl-white-hairs-green-eyes-5k-zh.jpg', '\r'),
('Anime', 'assets/images/satsuriku-no-tenshi-angels-of-death-4k-jn.jpg', '\r'),
('Anime', 'assets/images/one-punch-man-8k-a0.jpg', 'Premium\r'),
('Anime', 'assets/images/anime-city-hd-zt.jpg', 'Premium\r'),
('Anime', 'assets/images/sebas-tian-overlord-9m.jpg', 'Premium\r'),
('Anime', 'assets/images/ken-kaneki-tokyo-ghoul-4k-s2.jpg', '\r'),
('Anime', 'assets/images/son-goku-dragon-ball-super-4k-minimalism-w9.jpg', '\r'),
('Anime', 'assets/images/vegeta-dragon-ball-super-4k-art-fd.jpg', 'Premium\r'),
('Anime', 'assets/images/trunks-dragon-ball-super-minimalism-4k-p8.jpg', '\r'),
('Anime', 'assets/images/anime-original-sunset-5k-k6.jpg', '\r'),
('Anime', 'assets/images/meliodas-the-seven-deadly-sins-4k-5v.jpg', '\r'),
('Anime', 'assets/images/hunt-time-jeanne-ruler-avenger-fate-grande-order-4k-hc.jpg', 'Premium\r'),
('Anime', 'assets/images/hatsune-miku-vocaloid-anime-4k-1p.jpg', 'Premium\r'),
('Anime', 'assets/images/yorha-no-2-type-b-and-type-s-nier-automata-pw.jpg', '\r'),
('Anime', 'assets/images/demon-archer-fate-grand-order-5t.jpg', 'Premium\r'),
('Anime', 'assets/images/hatsune-miku-vocaloid-girl-8k-7p.jpg', '\r'),
('Anime', 'assets/images/tokyo-ghoul-re-sn.jpg', 'Premium\r'),
('Anime', 'assets/images/ken-kaneki-tokyo-ghoul-5k-5d.jpg', 'Premium\r'),
('Anime', 'assets/images/boruto-anime-4k-qp.jpg', 'Premium\r'),
('Anime', 'assets/images/zero-two-darling-in-the-franxx-anime-6a.jpg', 'Premium\r'),
('Anime', 'assets/images/anime-zero-two-darling-in-the-franxx-ul.jpg', 'Premium\r'),
('Anime', 'assets/images/jeanne-d-arc-ruler-fate-grand-order-ij.jpg', 'Premium\r'),
('Anime', 'assets/images/kaori-miyazono-kousei-arima-in-your-lie-in-april-d6.jpg', 'Premium\r'),
('Anime', 'assets/images/hatsune-miku-vocaloid-4k-y4.jpg', '\r'),
('Anime', 'assets/images/anime-girl-butterfly-artistic-dg.jpg', '\r'),
('Anime', 'assets/images/son-goku-dragon-ball-super-8k-anime-vb.jpg', '\r'),
('Anime', 'assets/images/naruto-anime-5k-o9.jpg', 'Premium\r'),
('Anime', 'assets/images/yae-sakura-honkai-impact-5k-xu.jpg', '\r'),
('Anime', 'assets/images/honkai-impact-y2.jpg', 'Premium\r'),
('Anime', 'assets/images/my-hero-academia-4k-5g.jpg', '\r'),
('Anime', 'assets/images/re-creators-magane-chikujoin-rt.jpg', 'Premium\r'),
('Anime', 'assets/images/honkai-impact-anime-girls-4p.jpg', '\r'),
('Artist', 'assets/images/a-castle-in-snow-4k-pl.jpg', '\r'),
('Artist', 'assets/images/bike-rider-digital-art-5k-88.jpg', 'Premium\r'),
('Artist', 'assets/images/far-away-from-home-62.jpg', 'Premium\r'),
('Artist', 'assets/images/buildings-skyline-bid-eye-art-yi.jpg', '\r'),
('Artist', 'assets/images/zootopia-stay-down-3l.jpg', '\r'),
('Artist', 'assets/images/day-dreamer-ph.jpg', '\r'),
('Artist', 'assets/images/end-is-near-smoking-girl-4k-og.jpg', '\r'),
('Artist', 'assets/images/unicorn-digital-art-5k-1y.jpg', 'Premium\r'),
('Artist', 'assets/images/honkong-cyberpunk-cars-51.jpg', 'Premium\r'),
('Artist', 'assets/images/beast-of-war-8k-sg.jpg', '\r'),
('Artist', 'assets/images/colorful-factory-concept-art-spaceship-planet-5k-6d.jpg', '\r'),
('Artist', 'assets/images/tree-digital-art-4k-ic.jpg', 'Premium\r'),
('Artist', 'assets/images/landscape-illustration-conceptual-art-w0.jpg', '\r'),
('Artist', 'assets/images/anime-city-lights-night-rain-umbrella-sky-5k-ou.jpg', '\r'),
('Artist', 'assets/images/stars-minimalism-space-digital-art-nn.jpg', 'Premium\r'),
('Artist', 'assets/images/cyberpunk-scifi-gravity-sketch-digital-art-zz.jpg', '\r'),
('Artist', 'assets/images/dark-night-landscape-artistic-7v.jpg', '\r'),
('Artist', 'assets/images/first-snow-landscape-scenery-digital-art-4k-yj.jpg', 'Premium\r'),
('Artist', 'assets/images/helmet-spy-guy-4k-0c.jpg', '\r'),
('Artist', 'assets/images/dusk-scifi-digital-art-0u.jpg', 'Premium\r'),
('Artist', 'assets/images/scifi-city-4k-r6.jpg', 'Premium\r'),
('Artist', 'assets/images/forest-fantasy-artworks-3h.jpg', 'Premium\r'),
('Artist', 'assets/images/nature-landscape-digital-scenery-scifi-art-1x.jpg', '\r'),
('Artist', 'assets/images/japan-sunset-purple-evening-4k-5m.jpg', '\r'),
('Artist', 'assets/images/see-you-later-little-one-gn.jpg', 'Premium\r'),
('Artist', 'assets/images/minimalism-triangle-geometry-53.jpg', '\r'),
('Artist', 'assets/images/cube-geometry-digital-art-4k-2x.jpg', 'Premium\r'),
('Artist', 'assets/images/redfox-digital-art-j0.jpg', 'Premium\r'),
('Artist', 'assets/images/elf-79.jpg', '\r'),
('Artist', 'assets/images/angels-of-death-c1.jpg', '\r'),
('Artist', 'assets/images/jason-momoa-art-ni.jpg', 'Premium\r'),
('Artist', 'assets/images/beautiful-science-fiction-couple-staning-on-town-bridge-35.jpg', '\r'),
('Artist', 'assets/images/retrowave-smoking-person-bi.jpg', '\r'),
('Artist', 'assets/images/waiting-so.jpg', 'Premium\r'),
('Artist', 'assets/images/the-first-man-qq.jpg', 'Premium\r'),
('Artist', 'assets/images/7pm-evening-cityscape-digital-art-5k-11.jpg', 'Premium\r'),
('Artist', 'assets/images/burning-galaxy-5k-t1.jpg', '\r'),
('Artist', 'assets/images/fox-wolf-5k-8f.jpg', 'Premium\r'),
('Artist', 'assets/images/umbrella-anime-artistic-artwork-5k-af.jpg', '\r'),
('Artist', 'assets/images/bustop-scenery-wv.jpg', '\r'),
('Artist', 'assets/images/kite-colorful-painting-sunset-tree-sj.jpg', 'Premium\r'),
('Artist', 'assets/images/dragon-knight-fire-fd.jpg', 'Premium\r'),
('Artist', 'assets/images/lonely-whale-nv.jpg', '\r'),
('Artist', 'assets/images/moon-warrior-purple-sky-5k-2q.jpg', '\r'),
('Artist', 'assets/images/creature-animals-love-fantasy-art-5k-cs.jpg', '\r'),
('Artist', 'assets/images/wolf-hunting-prey-4k-55.jpg', 'Premium\r'),
('Artist', 'assets/images/dark-night-minimalist-4k-t7.jpg', '\r'),
('Artist', 'assets/images/joker-minimalist-dark-4u.jpg', 'Premium\r'),
('Artist', 'assets/images/mushroom-forest-fantasy-art-zx.jpg', 'Premium\r'),
('Artist', 'assets/images/dragon-digital-arts-m1.jpg', 'Premium\r'),
('Artist', 'assets/images/dabi-illustration-cz.jpg', '\r'),
('Artist', 'assets/images/fantasy-autumn-painting-4k-o2.jpg', '\r'),
('Artist', 'assets/images/blue-hair-angel-4k-artwork-lz.jpg', 'Premium\r'),
('Artist', 'assets/images/clouds-dawn-camel-rider-fantasy-illustration-4k-e2.jpg', 'Premium\r'),
('Artist', 'assets/images/loneliness-small-girl-butterfly-4k-z2.jpg', '\r'),
('Artist', 'assets/images/dream-window-a8.jpg', '\r'),
('Artist', 'assets/images/cat-looking-at-butterfly-digital-art-w5.jpg', '\r'),
('Artist', 'assets/images/cityscape-illustration-digital-art-4k-7l.jpg', 'Premium\r'),
('Artist', 'assets/images/retrowave-moon-au.jpg', '\r'),
('Artist', 'assets/images/mystic-deer-do.jpg', '\r'),
('Artist', 'assets/images/astronaut-lost-in-space-rk.jpg', '\r'),
('Artist', 'assets/images/lost-in-woods-i9.jpg', '\r'),
('Artist', 'assets/images/magical-warrior-girl-pr.jpg', 'Premium\r'),
('Artist', 'assets/images/girl-beach-sunrise-photo-manipulation-a6.jpg', 'Premium\r'),
('Artist', 'assets/images/fantasy-girl-with-arrow-m4.jpg', 'Premium\r'),
('Artist', 'assets/images/graphic-design-girl-art-4k-2k.jpg', 'Premium\r'),
('Artist', 'assets/images/unicorn-digital-art-4k-sa.jpg', '\r'),
('Artist', 'assets/images/rain-dancer-r2.jpg', 'Premium\r'),
('Artist', 'assets/images/off-duty-c2.jpg', '\r'),
('Artist', 'assets/images/reindeer-landscape-scenery-us.jpg', 'Premium\r'),
('Artist', 'assets/images/city-buildings-lunar-sunset-p4.jpg', '\r'),
('Artist', 'assets/images/fantasy-angel-art-watching-the-galaxy-pj.jpg', '\r'),
('Artist', 'assets/images/lake-forest-mountains-illustration-4k-fv.jpg', '\r'),
('Artist', 'assets/images/dark-black-lion-illustration-qs.jpg', '\r'),
('Artist', 'assets/images/morning-minimal-landscape-4k-aj.jpg', 'Premium\r'),
('Artist', 'assets/images/wolf-moon-river-zw.jpg', 'Premium\r'),
('Artist', 'assets/images/city-futuristic-concept-art-g1.jpg', '\r'),
('Artist', 'assets/images/magician-fan-digital-art-4k-ro.jpg', '\r'),
('Artist', 'assets/images/sunset-outrun-minimalism-4k-os.jpg', 'Premium\r'),
('Artist', 'assets/images/frozen-climate-r7.jpg', 'Premium\r'),
('Artist', 'assets/images/warrior-girl-with-archer-arrow-td.jpg', 'Premium\r'),
('Artist', 'assets/images/blend-skull-vector-illustration-mg.jpg', 'Premium\r'),
('Artist', 'assets/images/building-minimalistic-4k-7i.jpg', '\r'),
('Artist', 'assets/images/high-contrast-desert-dunes-minimalistic-4k-86.jpg', 'Premium\r'),
('Artist', 'assets/images/max-man-x3.jpg', 'Premium\r'),
('Artist', 'assets/images/retrowave-car-5k-sm.jpg', '\r'),
('Artist', 'assets/images/halloween-2018-digital-art-4k-mj.jpg', '\r'),
('Artist', 'assets/images/elpehant-red-moon-digital-art-4k-ld.jpg', 'Premium\r'),
('Artist', 'assets/images/ma-ride-6c.jpg', '\r'),
('Artist', 'assets/images/scenery-watching-the-time-flies-5k-pm.jpg', 'Premium\r'),
('Artist', 'assets/images/sundown-landscape-minimalist-c6.jpg', 'Premium\r'),
('Artist', 'assets/images/riding-bike-to-dreamland-i8.jpg', 'Premium\r'),
('Artist', 'assets/images/girl-with-umbrella-big-moon-digital-art-5k-po.jpg', '\r'),
('Artist', 'assets/images/castle-protector-gl.jpg', 'Premium\r'),
('Artist', 'assets/images/my-only-friend-digital-art-5k-sy.jpg', 'Premium\r'),
('Artist', 'assets/images/long-journey-f2.jpg', '\r'),
('Artist', 'assets/images/pennywise-the-clown-halloween-fanart-et.jpg', 'Premium\r'),
('Artist', 'assets/images/mount-fuji-minimal-2w.jpg', 'Premium\r'),
('Artist', 'assets/images/flower-abstract-4k-i8.jpg', '\r'),
('Artist', 'assets/images/lake-river-reflection-clouds-km.jpg', 'Premium\r'),
('Artist', 'assets/images/space-digital-art-rk.jpg', '\r'),
('Artist', 'assets/images/daenerys-concept-art-x2.jpg', 'Premium\r'),
('Artist', 'assets/images/stormtrooper-helmet-minimalist-xl.jpg', '\r'),
('Artist', 'assets/images/desert-landscape-digital-art-vv.jpg', 'Premium\r'),
('Artist', 'assets/images/fantasy-girl-with-gun-23.jpg', 'Premium\r'),
('Artist', 'assets/images/mountain-lake-landscape-4k-vs.jpg', '\r'),
('Artist', 'assets/images/bmx-like-boss-h6.jpg', 'Premium\r'),
('Artist', 'assets/images/warrior-digital-drawing-02.jpg', 'Premium\r'),
('Artist', 'assets/images/gunslinger-ch.jpg', '\r'),
('Artist', 'assets/images/mountain-scenery-minimal-k1.jpg', 'Premium\r'),
('Artist', 'assets/images/camel-desert-minimalist-u6.jpg', 'Premium\r'),
('Artist', 'assets/images/apocalyptic-friends-so.jpg', 'Premium\r'),
('Artist', 'assets/images/tauriel-hobbit-4k-dw.jpg', 'Premium\r'),
('Artist', 'assets/images/space-rocket-minimal-bu.jpg', 'Premium\r'),
('Artist', 'assets/images/cute-blooper-digital-art-5k-s1.jpg', 'Premium\r'),
('Artist', 'assets/images/japan-landscape-vector-minimalist-4k-y6.jpg', 'Premium\r'),
('Artist', 'assets/images/wolf-cave-vector-8f.jpg', '\r'),
('Artist', 'assets/images/city-forest-minimalist-ey.jpg', 'Premium\r'),
('Artist', 'assets/images/mountain-landscape-illustration-ls.jpg', '\r'),
('Artist', 'assets/images/horizon-minimalist-8k-jc.jpg', '\r'),
('Artist', 'assets/images/sunset-boat-minimal-4k-rm.jpg', '\r'),
('Artist', 'assets/images/dark-black-simple-background-8k-0r.jpg', 'Premium\r'),
('Artist', 'assets/images/space-art-minimal-na.jpg', 'Premium\r'),
('Artist', 'assets/images/mountain-scenery-minimalism-53.jpg', '\r'),
('Artist', 'assets/images/tounge-lips-minimalist-5k-tf.jpg', 'Premium\r'),
('Artist', 'assets/images/robinson-crusoe-the-uncharted-pioneer-ze.jpg', 'Premium\r'),
('Artist', 'assets/images/boy-and-girl-going-to-school-illustration-uz.jpg', 'Premium\r'),
('Artist', 'assets/images/space-art-minimalist-xq.jpg', 'Premium\r'),
('Artist', 'assets/images/back-from-work-ih.jpg', '\r'),
('Artist', 'assets/images/kylo-ren-star-wars-illustration-wf.jpg', 'Premium\r'),
('Artist', 'assets/images/charon-with-boat-traveling-in-styx-sea-10k-zp.jpg', '\r'),
('Artist', 'assets/images/futuristic-cyber-city-lamborghini-night-4k-ip.jpg', 'Premium\r'),
('Artist', 'assets/images/miracle-abstract-digital-art-4f.jpg', '\r'),
('Artist', 'assets/images/final-fantasy-vii-advent-children-cloud-fan-art-5v.jpg', 'Premium\r'),
('Artist', 'assets/images/motorcycle-police-guy-4k-bm.jpg', 'Premium\r'),
('Artist', 'assets/images/iceberg-minimalism-7v.jpg', 'Premium\r'),
('Artist', 'assets/images/following-the-way-2c.jpg', '\r'),
('Artist', 'assets/images/astronaut-skull-hx.jpg', '\r'),
('Artist', 'assets/images/right-path-zw.jpg', 'Premium\r'),
('Artist', 'assets/images/deer-fantasy-art-ut.jpg', '\r'),
('Artist', 'assets/images/viking-4k-art-0z.jpg', 'Premium\r'),
('Artist', 'assets/images/couple-on-boat-illustration-8h.jpg', 'Premium\r'),
('Artist', 'assets/images/friends-forever-illustration-wy.jpg', '\r'),
('Artist', 'assets/images/trip-memories-8y.jpg', 'Premium\r'),
('Artist', 'assets/images/blonde-women-digital-art-4k-61.jpg', 'Premium\r'),
('Artist', 'assets/images/triangle-pyramids-in-middle-of-forest-80.jpg', '\r'),
('Artist', 'assets/images/fantasy-landscape-scenery-raindeer-5k-c3.jpg', 'Premium\r'),
('Artist', 'assets/images/dragon-master-4k-pu.jpg', '\r'),
('Artist', 'assets/images/city-metro-painting-pr.jpg', '\r'),
('Artist', 'assets/images/soldier-digital-art-4k-8d.jpg', 'Premium\r'),
('Artist', 'assets/images/fallen-streets-6l.jpg', 'Premium\r'),
('Artist', 'assets/images/terminator-minimal-art-4k-z5.jpg', 'Premium\r'),
('Artist', 'assets/images/mononoke-art-b8.jpg', 'Premium\r'),
('Artist', 'assets/images/digital-nature-zn.jpg', '\r'),
('Artist', 'assets/images/night-city-minimal-0v.jpg', 'Premium\r'),
('Artist', 'assets/images/girl-sitting-on-chair-yw.jpg', '\r'),
('Artist', 'assets/images/tree-horse-and-boy-sitting-on-rock-with-map-gm.jpg', 'Premium\r'),
('Artist', 'assets/images/cute-but-dangerous-i1.jpg', 'Premium\r'),
('Artist', 'assets/images/wilderness-the-gunners-f9.jpg', 'Premium\r'),
('Artist', 'assets/images/waiting-for-the-bus-4k-pg.jpg', 'Premium\r'),
('Artist', 'assets/images/birds-flying-towards-sunset-landscape-minimalist-4k-et.jpg', '\r'),
('Artist', 'assets/images/evening-minimalist-12k-84.jpg', '\r'),
('Artist', 'assets/images/scifi-robot-digital-art-painting-4k-v9.jpg', 'Premium\r'),
('Artist', 'assets/images/subway-terminal-digital-art-4k-sd.jpg', '\r'),
('Artist', 'assets/images/landscape-minimalist-10k-r1.jpg', '\r'),
('Artist', 'assets/images/man-jumping-roof-abstract-illustration-painting-5k-dq.jpg', 'Premium\r'),
('Artist', 'assets/images/seagull-birds-boat-landscape-purple-sunset-ln.jpg', 'Premium\r'),
('Artist', 'assets/images/cloud-worms-4k-l9.jpg', 'Premium\r'),
('Artist', 'assets/images/cyberpunk-cyborg-motorcycle-robot-robots-scifi-8k-rf.jpg', '\r'),
('Artist', 'assets/images/my-secret-alone-time-sea-shore-clouds-silence-digital-art-4k-5l.jpg', '\r'),
('Artist', 'assets/images/robotic-girl-with-gun-oh.jpg', 'Premium\r'),
('Artist', 'assets/images/katherine-langford-digital-portrait-ns.jpg', '\r'),
('Artist', 'assets/images/beautiful-dream-with-eyes-open-b8.jpg', 'Premium\r'),
('Artist', 'assets/images/hanzo-hattori-warrior-4k-zi.jpg', 'Premium\r'),
('Artist', 'assets/images/journey-with-little-friend-4k-9x.jpg', 'Premium\r'),
('Artist', 'assets/images/sea-serpent-digital-art-4k-t0.jpg', '\r'),
('Artist', 'assets/images/jellyfish-illustration-23.jpg', 'Premium\r'),
('Artist', 'assets/images/beautiful-landscape-artistic-wl.jpg', 'Premium\r'),
('Artist', 'assets/images/afternoon-minimalist-12k-9e.jpg', '\r'),
('Artist', 'assets/images/early-morning-minimalist-12k-88.jpg', '\r'),
('Bikes', 'assets/images/concept-bike-front-8k-sb.jpg', 'Premium\r'),
('Bikes', 'assets/images/harley-davidson-livewire-fj.jpg', '\r'),
('Bikes', 'assets/images/kawasaki-zx10r-sa.jpg', '\r'),
('Bikes', 'assets/images/ducati-1199-panigale-s-ku.jpg', '\r'),
('Bikes', 'assets/images/kawasaki-zx10r-4k-2d.jpg', '\r'),
('Bikes', 'assets/images/2018-kawasaki-zx10r-4k-t8.jpg', 'Premium\r'),
('Bikes', 'assets/images/ducati-1199-panigale-s-photography-7j.jpg', '\r'),
('Bikes', 'assets/images/2018-ducati-1199-panigale-s-wl.jpg', 'Premium\r'),
('Bikes', 'assets/images/urban-biker-doing-wheelie-1m.jpg', '\r'),
('Bikes', 'assets/images/bmw-1000-rr-4k-4d.jpg', 'Premium\r'),
('Bikes', 'assets/images/ducati-1299-panigale-4k-be.jpg', '\r');
INSERT INTO `wallpapers` (`category_name`, `wallpaper_url`, `premium`) VALUES
('Bikes', 'assets/images/bugatti-concept-bike-uj.jpg', 'Premium\r'),
('Bikes', 'assets/images/bmw-motorrad-4k-2018-cs.jpg', '\r'),
('Bikes', 'assets/images/bmw-motorrad-4k-ad.jpg', '\r'),
('Bikes', 'assets/images/harley-davidson-night-rider-steampunk-4k-jw.jpg', 'Premium\r'),
('Bikes', 'assets/images/suzuki-boulevard-m109r-ro.jpg', '\r'),
('Bikes', 'assets/images/yamaha-r6-rider-5g.jpg', 'Premium\r'),
('Bikes', 'assets/images/2020-harley-davidson-custom-1250-dw.jpg', 'Premium\r'),
('Bikes', 'assets/images/helmet-guy-wn.jpg', 'Premium\r'),
('Bikes', 'assets/images/kawasaki-z300-k0.jpg', '\r'),
('Bikes', 'assets/images/falcon-bmw-r9t-n4.jpg', 'Premium\r'),
('Bikes', 'assets/images/honda-xre-190-8n.jpg', 'Premium\r'),
('Bikes', 'assets/images/bmw-r9t-q4.jpg', '\r'),
('Bikes', 'assets/images/ktm-790-oh.jpg', 'Premium\r'),
('Bikes', 'assets/images/honda-motorcycle-track-bike-qj.jpg', 'Premium\r'),
('Bikes', 'assets/images/2018-triumph-speed-triple-1050-rs-5k-bt.jpg', '\r'),
('Bikes', 'assets/images/2018-triumph-speed-triple-1050-rs-rear-4s.jpg', '\r'),
('Bikes', 'assets/images/2018-triumph-speed-triple-1050-rs-r2.jpg', 'Premium\r'),
('Bikes', 'assets/images/2020-harley-davidson-pan-america-4d.jpg', '\r'),
('Bikes', 'assets/images/harley-davidson-streetfighter-2020-5k-mr.jpg', 'Premium\r'),
('Bikes', 'assets/images/harley-davidson-streetfighter-2020-1t.jpg', 'Premium\r'),
('Bikes', 'assets/images/2020-harley-davidson-streetfighter-rt.jpg', 'Premium\r'),
('Bikes', 'assets/images/harley-davidson-custom-1250-2020-om.jpg', '\r'),
('Bikes', 'assets/images/2019-harley-davidson-road-king-fr.jpg', '\r'),
('Bikes', 'assets/images/2019-harley-davidson-iron-1200-2g.jpg', 'Premium\r'),
('Bikes', 'assets/images/2019-harley-davidson-breakout-6d.jpg', '\r'),
('Bikes', 'assets/images/kawasaki-z300-2018-4k-s2.jpg', '\r'),
('Bikes', 'assets/images/kawasaki-z300-2018-k5.jpg', '\r'),
('Bikes', 'assets/images/bmw-r9t-rear-m0.jpg', 'Premium\r'),
('Bikes', 'assets/images/black-cruiser-motorcycle-5k-ql.jpg', '\r'),
('Bikes', 'assets/images/bmw-concept-roadster-0i.jpg', '\r'),
('Bikes', 'assets/images/bmw-concept-roadster-drifting-02.jpg', 'Premium\r'),
('Bikes', 'assets/images/honda-cb4-interceptor-5k-mf.jpg', '\r'),
('Bikes', 'assets/images/ram-custom-bike-4v.jpg', '\r'),
('Bikes', 'assets/images/bmw-concept-roadster-2018-q8.jpg', 'Premium\r'),
('Bikes', 'assets/images/bmw-concept-roadster-bike-drifting-oq.jpg', 'Premium\r'),
('Bikes', 'assets/images/honda-cb4-interceptor-81.jpg', 'Premium\r'),
('Bikes', 'assets/images/psyclone-bike-art-4k-0s.jpg', '\r'),
('Bikes', 'assets/images/ducati-diavel-carbon-bw.jpg', 'Premium\r'),
('Bikes', 'assets/images/yamaha-r1-concept-qu.jpg', 'Premium\r'),
('Bikes', 'assets/images/yamaha-r1-concept-rear-do.jpg', '\r'),
('Bikes', 'assets/images/honda-crf-450r-riders-jumping-from-the-sand-mud-sa.jpg', '\r'),
('Bikes', 'assets/images/harley-davidson-night-riders-0z.jpg', 'Premium\r'),
('Bikes', 'assets/images/harley-davidson-bike-night-rider-l0.jpg', 'Premium\r'),
('Bikes', 'assets/images/harley-davidson-night-riders-0z.jpg', '\r'),
('Bikes', 'assets/images/harley-davidson-bike-night-rider-l0.jpg', '\r'),
('Bikes', 'assets/images/ducati-zero-electric-superbike-2020-oi.jpg', 'Premium\r'),
('Bikes', 'assets/images/harley-davidson-night-rider-nx.jpg', 'Premium\r'),
('Bikes', 'assets/images/suzuki-hayabusa-gsx-1300-r-wm.jpg', '\r'),
('Bikes', 'assets/images/bmw-1000-rr-and-kawasaki-ninja-9s.jpg', '\r'),
('Bikes', 'assets/images/ducati-zero-electric-2020-rear-ju.jpg', '\r'),
('Bikes', 'assets/images/ducati-zero-electric-2020-to.jpg', '\r'),
('Bikes', 'assets/images/bmw-r80-monolever-hr.jpg', 'Premium\r'),
('Bikes', 'assets/images/fredrik-ericsson-yamaha-r1-front-view-t2.jpg', '\r'),
('Bikes', 'assets/images/suzuki-hayabusa-rider-wearing-punisher-t-shirt-0t.jpg', 'Premium\r'),
('Bikes', 'assets/images/hayabusa-art-yo.jpg', '\r'),
('Bikes', 'assets/images/fredrik-ericsson-yamaha-r1-4k-l8.jpg', 'Premium\r'),
('Bikes', 'assets/images/fredrik-ericsson-yamaha-r1-side-view-ii.jpg', '\r'),
('Bikes', 'assets/images/fredrik-ericsson-yamaha-r1-af.jpg', '\r'),
('Bikes', 'assets/images/fredrik-ericsson-yamaha-r1-front-sw.jpg', '\r'),
('Bikes', 'assets/images/suzuki-hayabusa-in-desert-5k-vf.jpg', '\r'),
('Bikes', 'assets/images/aprilia-bike-art-li.jpg', '\r'),
('Bikes', 'assets/images/yamaha-xv750-lu.jpg', '\r'),
('Bikes', 'assets/images/yamaha-xv750-2018-hi.jpg', '\r'),
('Bikes', 'assets/images/bmw-g-310-r-photoshoot-1p.jpg', '\r'),
('Bikes', 'assets/images/bmw-g-310-r-5k-67.jpg', '\r'),
('Bikes', 'assets/images/bmw-g-310-r-2018-f5.jpg', 'Premium\r'),
('Bikes', 'assets/images/bmw-g-310-r-rv.jpg', '\r'),
('Bikes', 'assets/images/bmw-g310-r-qi.jpg', '\r'),
('Bikes', 'assets/images/suzuki-gsx-r-1100-venom-helmet-95.jpg', '\r'),
('Bikes', 'assets/images/ducati-1299-superleggera-bike-or.jpg', 'Premium\r'),
('Bikes', 'assets/images/gsxr-1100-venom-x2.jpg', '\r'),
('Bikes', 'assets/images/ducati-1299-superleggera-w4.jpg', 'Premium\r'),
('Bikes', 'assets/images/suzuki-gsx-r-1100-venom-hd.jpg', '\r'),
('Bikes', 'assets/images/venom-suzuki-gsxr-1100-d0.jpg', 'Premium\r'),
('Bikes', 'assets/images/venom-suzuki-gsx-r-1100-y0.jpg', '\r'),
('Bikes', 'assets/images/suzuki-gsxr-1100-venom-56.jpg', 'Premium\r'),
('Bikes', 'assets/images/ducati-zero-electric-superbike-vk.jpg', 'Premium\r'),
('Bikes', 'assets/images/ducati-diavel-5k-tb.jpg', 'Premium\r'),
('Bikes', 'assets/images/3d-motorcycle-x6.jpg', 'Premium\r'),
('Bikes', 'assets/images/harley-davidson-riders-8k-u1.jpg', '\r'),
('Bikes', 'assets/images/ktm-rc16-motogp-bike-ox.jpg', 'Premium\r'),
('Bikes', 'assets/images/yamaha-tracer-900-2018-5f.jpg', '\r'),
('Bikes', 'assets/images/yamaha-tracer-900-2018-rear-65.jpg', '\r'),
('Bikes', 'assets/images/yamaha-xt-1200ze-super-tenere-raid-edition-2018-2x.jpg', 'Premium\r'),
('Bikes', 'assets/images/yamaha-xt-1200ze-super-tenere-raid-edition-my.jpg', '\r'),
('Bikes', 'assets/images/bmw-s1000rr-4k-a6.jpg', 'Premium\r'),
('Bikes', 'assets/images/2017-bmw-hp4-4k-js.jpg', 'Premium\r'),
('Bikes', 'assets/images/yamaha-yzr-m1-4k-84.jpg', 'Premium\r'),
('Bikes', 'assets/images/yamaha-yzr-m1-kl.jpg', 'Premium\r'),
('Bikes', 'assets/images/bmw-hp4-4k-1m.jpg', '\r'),
('Bikes', 'assets/images/ktm-1290-super-duke-drifting-xu.jpg', 'Premium\r'),
('Bikes', 'assets/images/ducati-panigale-959-4k-9u.jpg', '\r'),
('Bikes', 'assets/images/ktm-1290-super-duke-front-view-31.jpg', '\r'),
('Bikes', 'assets/images/2018-ducati-panigale-v4-4k-3j.jpg', '\r'),
('Bikes', 'assets/images/ducati-paso-750-mn.jpg', 'Premium\r'),
('Bikes', 'assets/images/man-on-a-motorbike-at-sunset-or.jpg', 'Premium\r'),
('Bikes', 'assets/images/ducati-desmosedici-gp18-fn.jpg', 'Premium\r'),
('Bikes', 'assets/images/ducati-desmosedici-gp18-2018-f1.jpg', 'Premium\r'),
('Bikes', 'assets/images/2018-ducati-desmosedici-gp18-ks.jpg', '\r'),
('Bikes', 'assets/images/harley-davidson-eagle-logo-4k-1s.jpg', '\r'),
('Bikes', 'assets/images/indian-roadmaster-classic-vz.jpg', 'Premium\r'),
('Bikes', 'assets/images/stoppie-on-bike-tt.jpg', 'Premium\r'),
('Bikes', 'assets/images/motorcycle-stunter-dirt-bike-extreme-kq.jpg', '\r'),
('Bikes', 'assets/images/yamaha-motobot-2-yamaha-yzf-r1-2018-eb.jpg', '\r'),
('Bikes', 'assets/images/2018-yamaha-niken-jg.jpg', 'Premium\r'),
('Bikes', 'assets/images/yamaha-niken-98.jpg', 'Premium\r'),
('Bikes', 'assets/images/yamaha-niken-4k-t5.jpg', 'Premium\r'),
('Bikes', 'assets/images/yamaha-niken-sport-touring-motorcycle-jq.jpg', '\r'),
('Bikes', 'assets/images/bmw-juggernaut-k1600-gtl-hot-dock-wh.jpg', '\r'),
('Bikes', 'assets/images/husqvarna-vitpilen-701-2018-4k-9v.jpg', 'Premium\r'),
('Bikes', 'assets/images/husqvarna-svartpilen-401-2017-2g.jpg', '\r'),
('Bikes', 'assets/images/husqvarna-svartpilen-401-2017-rear-ou.jpg', 'Premium\r'),
('Bikes', 'assets/images/ducati-panigale-v4-s-2018-racing-li.jpg', '\r'),
('Bikes', 'assets/images/ducati-panigale-v4-s-2018-26.jpg', '\r'),
('Bikes', 'assets/images/ducati-panigale-v4-s-2018-4k-tp.jpg', 'Premium\r'),
('Bikes', 'assets/images/husqvarna-vitpilen-2018-q8.jpg', '\r'),
('Bikes', 'assets/images/ducati-scrambler-1100-80.jpg', 'Premium\r'),
('Bikes', 'assets/images/2018-ducati-multistrada-1260-s-4k-sr.jpg', 'Premium\r'),
('Bikes', 'assets/images/ducati-multistrada-1260-s-4k-um.jpg', 'Premium\r'),
('Bikes', 'assets/images/ducati-scrambler-1100-2018-72.jpg', '\r'),
('Bikes', 'assets/images/ducati-multistrada-1260-s-2018-4k-01.jpg', '\r'),
('Bikes', 'assets/images/harley-davidson-logo-bike-l5.jpg', 'Premium\r'),
('Bikes', 'assets/images/motorbike-artistic-j5.jpg', 'Premium\r'),
('Bikes', 'assets/images/motocross-bike-artistic-rf.jpg', '\r'),
('Bikes', 'assets/images/motorbike-stunter-artistic-5k-5z.jpg', '\r'),
('Bikes', 'assets/images/ducati-1299-panigale-2017-9w.jpg', '\r'),
('Bikes', 'assets/images/4k-ducati-1299-panigale-kn.jpg', '\r'),
('Bikes', 'assets/images/motogp-valentino-rossi-yamaha-yzr-m1-y3.jpg', '\r'),
('Bikes', 'assets/images/2017-ducati-monster-821-4k-77.jpg', 'Premium\r'),
('Bikes', 'assets/images/ducati-monster-821-2017-side-view-yt.jpg', '\r'),
('Bikes', 'assets/images/ducati-monster-821-2017-l6.jpg', 'Premium\r'),
('Bikes', 'assets/images/ducati-monster-821-2017-4k-na.jpg', '\r'),
('Bikes', 'assets/images/triumph-bonneville-bobber-black-2017-e2.jpg', '\r'),
('Bikes', 'assets/images/2017-triumph-street-scrambler-nx.jpg', 'Premium\r'),
('Bikes', 'assets/images/ducati-1299-panigale-j2.jpg', 'Premium\r'),
('Bikes', 'assets/images/triumph-4k-dr.jpg', '\r'),
('Bikes', 'assets/images/motorcyle-digital-art-sunset-artwork-it.jpg', '\r'),
('Bikes', 'assets/images/yamaha-r6-2017-zq.jpg', 'Premium\r'),
('Bikes', 'assets/images/yamaha-r6-4k-2017-u5.jpg', 'Premium\r'),
('Bikes', 'assets/images/2017-yamaha-r6-4k-e6.jpg', '\r'),
('Bikes', 'assets/images/mv-agusta-brutale-800-american-t3.jpg', '\r'),
('Bikes', 'assets/images/ducati-xdiavel-ld.jpg', '\r'),
('Bikes', 'assets/images/biker-in-woods-dark-road-digital-art-xg.jpg', 'Premium\r'),
('Bikes', 'assets/images/ducati-1299-panigale-r-final-edition-7x.jpg', 'Premium\r'),
('Bikes', 'assets/images/girl-with-yamaha-r1-motorcyle-aw.jpg', 'Premium\r'),
('Bikes', 'assets/images/2017-bmw-h4-race-4k-6u.jpg', 'Premium\r'),
('Bikes', 'assets/images/bmw-motorrad-concept-link-sg.jpg', 'Premium\r'),
('Bikes', 'assets/images/2017-bmw-h4-race-lu.jpg', 'Premium\r'),
('Bikes', 'assets/images/bmw-h4-race-4k-sd.jpg', '\r'),
('Bikes', 'assets/images/bmw-h4-race-superbike-do.jpg', '\r'),
('Bikes', 'assets/images/bmw-h4-race-taking-corner-po.jpg', 'Premium\r'),
('Bikes', 'assets/images/bmw-h4-image.jpg', '\r'),
('Bikes', 'assets/images/kawasaki-ninja-h2-4k-qu.jpg', 'Premium\r'),
('Bikes', 'assets/images/bmw-h4-race-ad.jpg', 'Premium\r'),
('Bikes', 'assets/images/kawasaki-ninja-h2-new.jpg', 'Premium\r'),
('Bikes', 'assets/images/yamaha-mt-10-2017-wide.jpg', '\r'),
('Bikes', 'assets/images/yamaha-mt-01-2017-do.jpg', '\r'),
('Bikes', 'assets/images/2017-honda-nm4-vultus-special-in-ghost-in-the-shell-on.jpg', '\r'),
('Bikes', 'assets/images/2017-honda-nm4-vultus-special-ghost-in-the-shell-movie-po.jpg', '\r'),
('Bikes', 'assets/images/2017-yamaha-mt-10-4k.jpg', '\r'),
('Bikes', 'assets/images/yamaha-mt-10-4k-pic.jpg', 'Premium\r'),
('Bikes', 'assets/images/ktm-super-duke-ad.jpg', '\r'),
('Bikes', 'assets/images/2017-movistar-yamaha-motogp-yamaha-yzr-m1-on.jpg', '\r'),
('Bikes', 'assets/images/movistar-yamaha-motogp-yamaha-yzr-m1-2017-ad.jpg', 'Premium\r'),
('Bikes', 'assets/images/ktm-1290-2017-po.jpg', '\r'),
('Bikes', 'assets/images/tron-moto-gp-new.jpg', '\r'),
('Bikes', 'assets/images/bmw-urban-racer-future-bike-4k.jpg', 'Premium\r'),
('Bikes', 'assets/images/bmw-motorrad-vision-next-100-po.jpg', '\r'),
('Bikes', 'assets/images/2016-bmw-motorrad-vision-next-100-4k.jpg', '\r'),
('Cars', 'assets/images/bugatti-chiron-rear-4k-8p.jpg', '\r'),
('Cars', 'assets/images/green-mercedes-amg-gt-r-rear-ib.jpg', 'Premium\r'),
('Cars', 'assets/images/audi-rs-3-t0.jpg', '\r'),
('Cars', 'assets/images/mercedes-benz-amg-gt-front-l6.jpg', 'Premium\r'),
('Cars', 'assets/images/bugatti-chiron-and-lamborghini-huracan-o8.jpg', 'Premium\r'),
('Cars', 'assets/images/white-lamborghini-huracan-rear-4k-pc.jpg', 'Premium\r'),
('Cars', 'assets/images/custom-mercedes-g-wagon-london-eye-xd.jpg', '\r'),
('Cars', 'assets/images/green-mercedes-amg-gt-r-front-jr.jpg', '\r'),
('Cars', 'assets/images/volkswagen-golf-gti-digital-art-4k-0s.jpg', 'Premium\r'),
('Cars', 'assets/images/audi-rs3-qd.jpg', '\r'),
('Cars', 'assets/images/2018-porsche-911-targa-4s-gts-xb.jpg', 'Premium\r'),
('Cars', 'assets/images/green-mercedes-amg-gt-r-am.jpg', '\r'),
('Cars', 'assets/images/audi-r8-lms-17.jpg', 'Premium\r'),
('Cars', 'assets/images/porsche-911-targa-4s-gts-hz.jpg', '\r'),
('Cars', 'assets/images/honda-colorful-digital-art-4k-wr.jpg', '\r'),
('Cars', 'assets/images/porsche-gt3-4k-rear-ta.jpg', 'Premium\r'),
('Cars', 'assets/images/white-lamborghini-aventador-5k-2018-w0.jpg', '\r'),
('Cars', 'assets/images/audi-rs3-digital-art-oj.jpg', 'Premium\r'),
('Cars', 'assets/images/koenigsegg-agera-rs1-2018-sn.jpg', '\r'),
('Cars', 'assets/images/porsche-911-targa-gts-xn.jpg', '\r'),
('Cars', 'assets/images/honda-reventon-4h.jpg', '\r'),
('Cars', 'assets/images/lamborghini-sc18-2018-4k-0a.jpg', 'Premium\r'),
('Cars', 'assets/images/ford-mustang-city-street-kh.jpg', '\r'),
('Cars', 'assets/images/porsche-918-spyder-2018-dubai-50.jpg', 'Premium\r'),
('Cars', 'assets/images/5k-lamborghini-huracan-2018-x2.jpg', 'Premium\r'),
('Cars', 'assets/images/porsche-911-4k-rear-7p.jpg', '\r'),
('Cars', 'assets/images/2018-lamborghini-sc18-front-ks.jpg', 'Premium\r'),
('Cars', 'assets/images/ac-428-coupe-4k-og.jpg', '\r'),
('Cars', 'assets/images/bmw-m2-new-9k.jpg', 'Premium\r'),
('Cars', 'assets/images/peugeot-onyx-concept-rear-4l.jpg', '\r'),
('Cars', 'assets/images/lamborghini-urus-st-x-concept-2018-4k-6b.jpg', '\r'),
('Cars', 'assets/images/2018-mclaren-mso-senna-4k-ak.jpg', '\r'),
('Cars', 'assets/images/mercedes-amg-gt-r-2018-front-view-26.jpg', 'Premium\r'),
('Cars', 'assets/images/2019-audi-r8-v10-1h.jpg', 'Premium\r'),
('Cars', 'assets/images/bmw-m2-front-grill-view-8s.jpg', 'Premium\r'),
('Cars', 'assets/images/audi-abt-rs-6-4k-q8.jpg', 'Premium\r'),
('Cars', 'assets/images/2018-lamborghini-urus-st-x-concept-rear-2g.jpg', 'Premium\r'),
('Cars', 'assets/images/ford-mustang-gt-2018-new-xp.jpg', 'Premium\r'),
('Cars', 'assets/images/lamborghini-urus-photoshoot-2018-ov.jpg', 'Premium\r'),
('Cars', 'assets/images/audi-r8-v10-2019-al.jpg', '\r'),
('Cars', 'assets/images/audi-abt-rs-6-fj.jpg', '\r'),
('Cars', 'assets/images/ford-gt-2018-new-vl.jpg', 'Premium\r'),
('Cars', 'assets/images/peugeot-onyx-concept-rear-view-a2.jpg', '\r'),
('Cars', 'assets/images/peugeot-onyx-concept-cv.jpg', 'Premium\r'),
('Cars', 'assets/images/mclaren-mso-720s-stealth-theme-2018-4k-zf.jpg', '\r'),
('Cars', 'assets/images/mclaren-mso-720s-stealth-theme-2018-07.jpg', 'Premium\r'),
('Cars', 'assets/images/porsche-918-spyder-2018-car-83.jpg', '\r'),
('Cars', 'assets/images/porsche-918-spyder-in-dubai-kw.jpg', '\r'),
('Cars', 'assets/images/ferrari-458-italia-rear-cgi-pm.jpg', '\r'),
('Cars', 'assets/images/ferrari-458-italia-cgi-rj.jpg', '\r'),
('Cars', 'assets/images/lamborghini-terzo-millennio-2019-side-view-car-08.jpg', '\r'),
('Cars', 'assets/images/lamborghini-terzo-millennio-2019-front-car-rb.jpg', 'Premium\r'),
('Cars', 'assets/images/lamborghini-terzo-millennio-2019-car-jv.jpg', 'Premium\r'),
('Cars', 'assets/images/porsche-911-4k-new-gz.jpg', 'Premium\r'),
('Cars', 'assets/images/2019-lamborghini-sc18-4k-s5.jpg', 'Premium\r'),
('Cars', 'assets/images/2018-lamborghini-sc18-rear-a4.jpg', '\r'),
('Cars', 'assets/images/8k-mclaren-8k.jpg', '\r'),
('Cars', 'assets/images/green-lamborghini-huracan-8k-oi.jpg', '\r'),
('Cars', 'assets/images/morgan-aeromax-ok.jpg', '\r'),
('Cars', 'assets/images/porsche-gt4-northern-lights-o3.jpg', 'Premium\r'),
('Cars', 'assets/images/lamborghini-huracan-golden-gate-bridge-yo.jpg', 'Premium\r'),
('Cars', 'assets/images/falken-porsche-sc.jpg', '\r'),
('Cars', 'assets/images/chevrolet-corvette-c7r-redline-2018-rn.jpg', 'Premium\r'),
('Cars', 'assets/images/2018-lamborghini-aventador-svj-new-vs.jpg', '\r'),
('Cars', 'assets/images/chevrolet-corvette-c7r-2018-3j.jpg', 'Premium\r'),
('Cars', 'assets/images/porsche-911-4k-2018-px.jpg', '\r'),
('Cars', 'assets/images/white-lamborghini-huracan-5k-2018-3f.jpg', '\r'),
('Cars', 'assets/images/morgan-aeromax-vintage-car-8j.jpg', 'Premium\r'),
('Cars', 'assets/images/white-lamborghini-aventador-new-vd.jpg', '\r'),
('Cars', 'assets/images/lamborghini-huracan-rear-new-gz.jpg', 'Premium\r'),
('Cars', 'assets/images/red-lamborghini-huracan-4k-ka.jpg', '\r'),
('Cars', 'assets/images/orange-lamborghini-huracan-8k-u3.jpg', '\r'),
('Cars', 'assets/images/blue-lamborghini-aventador-4k-ot.jpg', '\r'),
('Cars', 'assets/images/porsche-rs-gt3-night-city-ie.jpg', 'Premium\r'),
('Cars', 'assets/images/white-lamborghini-aventador-rear-5k-2a.jpg', 'Premium\r'),
('Cars', 'assets/images/white-lamborghini-aventador-5k-new-kv.jpg', '\r'),
('Cars', 'assets/images/5k-lamborghini-huracan-uq.jpg', '\r'),
('Cars', 'assets/images/aston-martin-skyfall-5k-5k.jpg', '\r'),
('Cars', 'assets/images/lamborghinis-with-jet-10.jpg', '\r'),
('Cars', 'assets/images/bugatti-chiron-rear-4k-8p.jpg', 'Premium\r'),
('Cars', 'assets/images/green-mercedes-amg-gt-r-rear-ib.jpg', '\r'),
('Cars', 'assets/images/audi-rs-3-t0.jpg', '\r'),
('Cars', 'assets/images/mercedes-benz-amg-gt-front-l6.jpg', 'Premium\r'),
('Cars', 'assets/images/bugatti-chiron-and-lamborghini-huracan-o8.jpg', '\r'),
('Cars', 'assets/images/white-lamborghini-huracan-rear-4k-pc.jpg', '\r'),
('Cars', 'assets/images/custom-mercedes-g-wagon-london-eye-xd.jpg', 'Premium\r'),
('Cars', 'assets/images/green-mercedes-amg-gt-r-front-jr.jpg', '\r'),
('Cars', 'assets/images/volkswagen-golf-gti-digital-art-4k-0s.jpg', 'Premium\r'),
('Cars', 'assets/images/audi-rs3-qd.jpg', '\r'),
('Cars', 'assets/images/2018-porsche-911-targa-4s-gts-xb.jpg', '\r'),
('Cars', 'assets/images/audi-r8-special-edition-ex.jpg', '\r'),
('Cars', 'assets/images/dub-kia-stinger-gt-2018-front-yk.jpg', 'Premium\r'),
('Cars', 'assets/images/dub-kia-stinger-gt-2018-va.jpg', '\r'),
('Cars', 'assets/images/1968-dodge-super-charger-concept-front-6d.jpg', 'Premium\r'),
('Cars', 'assets/images/1968-dodge-super-charger-concept-rear-view-5m.jpg', 'Premium\r'),
('Cars', 'assets/images/1968-dodge-super-charger-concept-rear-0l.jpg', '\r'),
('Cars', 'assets/images/lamborghini-aventador-svj-2019-4k-pa.jpg', '\r'),
('Cars', 'assets/images/lamborghini-aventador-svj-2019-rear-vn.jpg', 'Premium\r'),
('Cars', 'assets/images/chevrolet-ecopo-camaro-concept-2018-4k-qh.jpg', '\r'),
('Cars', 'assets/images/chevrolet-ecopo-camaro-concept-2018-rear-ew.jpg', 'Premium\r'),
('Cars', 'assets/images/jaguar-f-type-chequered-flag-2018-rear-4d.jpg', 'Premium\r'),
('Cars', 'assets/images/jaguar-f-type-chequered-flag-2018-ax.jpg', '\r'),
('Cars', 'assets/images/2019-ford-series-1-mustang-rtr-4k-xc.jpg', 'Premium\r'),
('Cars', 'assets/images/green-lamborghini-huracan-upper-view-5k-ph.jpg', '\r'),
('Cars', 'assets/images/lamborghini-aventador-svj-hj.jpg', '\r'),
('Cars', 'assets/images/lamborghini-huracan-performante-rear-5k-2018-js.jpg', 'Premium\r'),
('Cars', 'assets/images/dodge-charger-srt-hellcat-2018-4k-ez.jpg', 'Premium\r'),
('Cars', 'assets/images/porsche-911gt3rs-gold-4k-tb.jpg', 'Premium\r'),
('Cars', 'assets/images/dodge-charger-cgi-h6.jpg', 'Premium\r'),
('Cars', 'assets/images/mclaren-p1-xp7-rear-hh.jpg', '\r'),
('Cars', 'assets/images/porsche-911gt3rs-gold-4k-rear-l3.jpg', '\r'),
('Cars', 'assets/images/2018-audi-r8-v10-rws-5k-z9.jpg', 'Premium\r'),
('Cars', 'assets/images/yellow-lamborghini-huracan-2018-fz.jpg', '\r'),
('Cars', 'assets/images/lynk-and-co-03-2019-4k-z4.jpg', 'Premium\r'),
('Cars', 'assets/images/porsche-911-rear-4k-art-9e.jpg', '\r'),
('Cars', 'assets/images/lamborghini-aventador-svj-rear-du.jpg', '\r'),
('Cars', 'assets/images/lamborghini-aventador-svj-2018-4k-rear-4o.jpg', '\r'),
('Cars', 'assets/images/lamborghini-aventador-svj-side-view-5w.jpg', 'Premium\r'),
('Cars', 'assets/images/mclaren-p1-xp7-4k-mq.jpg', '\r'),
('Cars', 'assets/images/porsche-911-rear-art-4k-45.jpg', 'Premium\r'),
('Cars', 'assets/images/mclaren-p1-xp7-4k-car-ut.jpg', '\r'),
('Cars', 'assets/images/lamborghini-aventador-svj-2018-4k-front-dl.jpg', 'Premium\r'),
('Cars', 'assets/images/batmobile-4k-wh.jpg', '\r'),
('Cars', 'assets/images/lynk-and-co-03-side-view-4k-sg.jpg', 'Premium\r'),
('Cars', 'assets/images/ferrari-f12tdf-4k-b9.jpg', 'Premium\r'),
('Cars', 'assets/images/lamborghini-miura-rear-l3.jpg', 'Premium\r'),
('Cars', 'assets/images/ford-gt-4k-gu.jpg', '\r'),
('Cars', 'assets/images/porsche-gt-2-rs-cgi-lx.jpg', '\r'),
('Cars', 'assets/images/white-lamborghini-huracan-4k-2018-73.jpg', '\r'),
('Cars', 'assets/images/porsche-911-art-4k-8v.jpg', '\r'),
('Cars', 'assets/images/mclaren-speedtail-2018-interior-e6.jpg', '\r'),
('Cars', 'assets/images/mclaren-speedtail-2018-rear-4k-ve.jpg', '\r'),
('Cars', 'assets/images/mclaren-speedtail-2018-rear-view-4k-wp.jpg', '\r'),
('Cars', 'assets/images/mclaren-speedtail-2018-mb.jpg', 'Premium\r'),
('Cars', 'assets/images/mclaren-speedtail-2018-front-pt.jpg', '\r'),
('Cars', 'assets/images/mclaren-speedtail-2018-side-view-fu.jpg', 'Premium\r'),
('Cars', 'assets/images/mclaren-speedtail-2018-rear-view-2y.jpg', '\r'),
('Cars', 'assets/images/mclaren-speedtail-2018-rear-oz.jpg', 'Premium\r'),
('Cars', 'assets/images/lamborghini-miura-front-7k.jpg', 'Premium\r'),
('Cars', 'assets/images/lamborghini-miura-ec.jpg', '\r'),
('Cars', 'assets/images/topcar-lamborghini-urus-2018-rear-tj.jpg', 'Premium\r'),
('Cars', 'assets/images/topcar-lamborghini-urus-2018-side-view-z1.jpg', 'Premium\r'),
('Cars', 'assets/images/topcar-lamborghini-urus-2018-4k-zs.jpg', 'Premium\r'),
('Cars', 'assets/images/topcar-lamborghini-urus-2018-fz.jpg', '\r'),
('Cars', 'assets/images/bugatti-veyron-grand-sport-vitesse-f4.jpg', 'Premium\r'),
('Cars', 'assets/images/lamborghini-aventador-roadster-in-the-plane-hangar-hx.jpg', 'Premium\r'),
('Cars', 'assets/images/mclaren-570gt-2018-q8.jpg', '\r'),
('Cars', 'assets/images/audi-r8-spyder-v10-2019-front-dh.jpg', '\r'),
('Cars', 'assets/images/audi-r8-spyder-v10-2019-4k-6g.jpg', '\r'),
('Cars', 'assets/images/arden-aj23-svr-2018-rear-ob.jpg', '\r'),
('Cars', 'assets/images/arden-aj23-svr-2018-37.jpg', '\r'),
('Cars', 'assets/images/audi-r8-spyder-v10-2019-6t.jpg', 'Premium\r'),
('Cars', 'assets/images/porsche-911-gt2rs-color-pack-w8.jpg', '\r'),
('Cars', 'assets/images/porsche-gt2-rs-martini-5e.jpg', '\r'),
('Cars', 'assets/images/porsche-gt2-rs-front-pp.jpg', '\r'),
('Cars', 'assets/images/porsche-gt2-rs-track-car-2018-97.jpg', '\r'),
('Cars', 'assets/images/bmw-and-chopper-4m.jpg', '\r'),
('Cars', 'assets/images/orange-lamborghini-aventador-2018-6d.jpg', '\r'),
('Cars', 'assets/images/porsche-gt3-rs-2-cgi-o2.jpg', 'Premium\r'),
('Cars', 'assets/images/mclaren-p1-xp7-4k-rear-lr.jpg', '\r'),
('Cars', 'assets/images/mclaren-p1-xp7-br.jpg', 'Premium\r'),
('Cars', 'assets/images/car-pink-sunset-2v.jpg', 'Premium\r'),
('Cars', 'assets/images/lykan-hypersport-front-z3.jpg', 'Premium\r'),
('Cars', 'assets/images/lykan-hypersport-side-view-d8.jpg', '\r'),
('Cars', 'assets/images/lykan-hypersport-rear-z3.jpg', 'Premium\r'),
('Cars', 'assets/images/blue-lamborghini-huracan-car-n1.jpg', 'Premium\r'),
('Cars', 'assets/images/lynk-and-co-03-aa.jpg', 'Premium\r'),
('Cars', 'assets/images/lynk-and-co-03-4k-ba.jpg', 'Premium\r'),
('Cars', 'assets/images/rolls-royce-ghost-8k-ft.jpg', '\r'),
('Cars', 'assets/images/blue-lamborghini-huracan-5k-x9.jpg', '\r'),
('Cars', 'assets/images/acura-nsx-gt3-evo-2019-3n.jpg', 'Premium\r'),
('Cars', 'assets/images/wet-bugatti-chiron-5f.jpg', 'Premium\r'),
('Cars', 'assets/images/porsche-carrera-911-black-f4.jpg', 'Premium\r'),
('Cars', 'assets/images/bugatti-divo-bridge-4k-ef.jpg', 'Premium\r'),
('Cars', 'assets/images/bugatti-divo-bridge-4k-2018-pk.jpg', 'Premium\r'),
('Cars', 'assets/images/porsche-911-carrera-rs-27-uy.jpg', '\r'),
('Cars', 'assets/images/2019-acura-nsx-gt3-evo-bm.jpg', 'Premium\r'),
('Cars', 'assets/images/peugeot-508-2018-57.jpg', 'Premium\r'),
('Cars', 'assets/images/bugatti-divo-2018-latest-oz.jpg', 'Premium\r'),
('Cars', 'assets/images/2018-chevrolet-camaro-ss-shock-concept-8k.jpg', 'Premium\r'),
('Music', 'assets/images/cute-sabrina-carpenter-v0.jpg', '\r'),
('Music', 'assets/images/miley-cyrus-marie-claire-magazine-photoshoot-4k-s1.jpg', '\r'),
('Music', 'assets/images/charli-xcx-5k-galore-magazine-qk.jpg', 'Premium\r'),
('Music', 'assets/images/dj-amely-sd.jpg', 'Premium\r'),
('Music', 'assets/images/rita-ora-portrait-5k-l4.jpg', 'Premium\r'),
('Music', 'assets/images/ricki-lee-5k-x6.jpg', 'Premium\r'),
('Music', 'assets/images/jessie-james-7i.jpg', 'Premium\r'),
('Music', 'assets/images/kehlani-sh.jpg', '\r'),
('Music', 'assets/images/beyonce-5k-zb.jpg', '\r'),
('Music', 'assets/images/alicia-keys-4k-yy.jpg', '\r'),
('Music', 'assets/images/alicia-keys-sk.jpg', '\r'),
('Music', 'assets/images/sabrina-carpenter-2018-latest-x3.jpg', '\r'),
('Music', 'assets/images/ariana-grande-cute-2018-g8.jpg', '\r'),
('Music', 'assets/images/liz-anne-hill-hr.jpg', 'Premium\r'),
('Music', 'assets/images/gwen-stefani-3w.jpg', '\r'),
('Music', 'assets/images/selena-gomez-in-blue-dress-4k-35.jpg', '\r'),
('Music', 'assets/images/laura-pieri-2018-8a.jpg', 'Premium\r'),
('Music', 'assets/images/laura-pieri-cx.jpg', '\r'),
('Music', 'assets/images/bebe-rexha-2018-new-q1.jpg', 'Premium\r'),
('Music', 'assets/images/joss-stone-m9.jpg', 'Premium\r'),
('Music', 'assets/images/chester-bennington-digital-art-4k-0n.jpg', '\r'),
('Music', 'assets/images/post-malone-digital-art-4k-j4.jpg', 'Premium\r'),
('Music', 'assets/images/zayn-malik-vogue-2018-ph.jpg', '\r'),
('Music', 'assets/images/xxxtentacion-digital-art-4k-4l.jpg', 'Premium\r'),
('Music', 'assets/images/4k-miley-cyrus-2018-p0.jpg', 'Premium\r'),
('Music', 'assets/images/dua-lipa-2018-new-5k-qt.jpg', 'Premium\r'),
('Music', 'assets/images/jaira-burns-1a.jpg', '\r'),
('Music', 'assets/images/oriana-sabatini-2018-4k-cx.jpg', 'Premium\r'),
('Music', 'assets/images/alan-walker-dj-monochrome-4k-ze.jpg', '\r'),
('Music', 'assets/images/simge-e1.jpg', 'Premium\r'),
('Music', 'assets/images/rihana-2018-5k-vw.jpg', '\r'),
('Music', 'assets/images/the-weeknd-monochrome-8k-gn.jpg', 'Premium\r'),
('Music', 'assets/images/simge-2018-3q.jpg', 'Premium\r'),
('Music', 'assets/images/britta-phillips-0g.jpg', 'Premium\r'),
('Music', 'assets/images/diplo-qh.jpg', 'Premium\r'),
('Music', 'assets/images/simge-4k-ab.jpg', 'Premium\r'),
('Music', 'assets/images/john-legend-kv.jpg', 'Premium\r'),
('Music', 'assets/images/parker-mckay-u1.jpg', 'Premium\r'),
('Music', 'assets/images/miley-cyrus-for-marie-claire-magazine-i0.jpg', 'Premium\r'),
('Music', 'assets/images/taylor-swift-singer-2018-ix.jpg', '\r'),
('Music', 'assets/images/selena-gomez-portrait-2018-ho.jpg', '\r'),
('Music', 'assets/images/dua-lipa-artistic-art-8k-lm.jpg', '\r'),
('Music', 'assets/images/rihana-5k-ne.jpg', 'Premium\r'),
('Music', 'assets/images/daddy-yankee-md.jpg', '\r'),
('Music', 'assets/images/tenille-singer-8k-w1.jpg', 'Premium\r'),
('Music', 'assets/images/ricki-lee-sp.jpg', '\r'),
('Music', 'assets/images/halsey-maire-claire-2c.jpg', 'Premium\r'),
('Music', 'assets/images/ariana-grande-live-4k-2h.jpg', '\r'),
('Music', 'assets/images/kris-james-zd.jpg', 'Premium\r'),
('Music', 'assets/images/usher-ll.jpg', 'Premium\r'),
('Music', 'assets/images/2018-bebe-rexha-4k-z6.jpg', 'Premium\r'),
('Music', 'assets/images/taylor-swift-digital-painting-8p.jpg', 'Premium\r'),
('Music', 'assets/images/odesza-digital-art-rl.jpg', 'Premium\r'),
('Music', 'assets/images/dj-snake-q6.jpg', '\r'),
('Music', 'assets/images/jenny-tolman-5k-ss.jpg', '\r'),
('Music', 'assets/images/marshmello-with-dog-by.jpg', 'Premium\r'),
('Music', 'assets/images/2018-taylor-swift-hd-yr.jpg', 'Premium\r'),
('Music', 'assets/images/taylor-swift-instyle-0t.jpg', '\r'),
('Music', 'assets/images/2018-jenny-tolman-5k-9p.jpg', 'Premium\r'),
('Music', 'assets/images/bebe-rexha-photoshoot-yz.jpg', '\r'),
('Music', 'assets/images/maggie-rose-8k-po.jpg', 'Premium\r'),
('Music', 'assets/images/shakira-in-red-dress-5k-zr.jpg', 'Premium\r'),
('Music', 'assets/images/alan-walker-dj-night-3d.jpg', '\r'),
('Music', 'assets/images/britney-spears-2018-4k-1l.jpg', '\r'),
('Music', 'assets/images/hailee-steinfeld-mtv-europe-music-awards-2018-5k-9q.jpg', 'Premium\r'),
('Music', 'assets/images/quavo-b6.jpg', 'Premium\r'),
('Music', 'assets/images/camila-cabello-europe-music-awards-2018-yr.jpg', '\r'),
('Music', 'assets/images/miley-cyrus-2018-4k-mj.jpg', '\r'),
('Music', 'assets/images/the-weeknd-2018-monochrome-5k-ag.jpg', '\r'),
('Music', 'assets/images/torrey-devitto-4k-du.jpg', '\r'),
('Music', 'assets/images/pia-mia-wo.jpg', 'Premium\r'),
('Music', 'assets/images/sheryl-crow-mi.jpg', '\r'),
('Music', 'assets/images/kanye-west-b6.jpg', 'Premium\r'),
('Music', 'assets/images/dinah-jane-5k-2e.jpg', '\r'),
('Music', 'assets/images/mac-miller-rapper-wg.jpg', '\r'),
('Music', 'assets/images/mac-miller-5k-ny.jpg', 'Premium\r'),
('Music', 'assets/images/mac-miller-1d.jpg', '\r'),
('Music', 'assets/images/2018-ariana-grande-5k-65.jpg', '\r'),
('Music', 'assets/images/charlz-ti.jpg', 'Premium\r'),
('Music', 'assets/images/jess-glynne-76.jpg', 'Premium\r'),
('Music', 'assets/images/lorde-the-music-magazine-4k-jn.jpg', 'Premium\r'),
('Music', 'assets/images/zayn-malik-nme-magazine-si.jpg', '\r'),
('Music', 'assets/images/charlz-5k-up.jpg', '\r'),
('Music', 'assets/images/j-balvin-and-anitta-d0.jpg', 'Premium\r'),
('Music', 'assets/images/j-balvin-jb.jpg', '\r'),
('Music', 'assets/images/alan-walker-darkside-4k-rk.jpg', '\r'),
('Music', 'assets/images/4k-marshmello-art-xq.jpg', 'Premium\r'),
('Music', 'assets/images/twenty-one-pilots-artwork-4k-7w.jpg', '\r'),
('Music', 'assets/images/2018-alan-walker-4k-ls.jpg', '\r'),
('Music', 'assets/images/monstercat-4k-logo-p4.jpg', '\r'),
('Music', 'assets/images/camila-cabello-new-27.jpg', 'Premium\r'),
('Music', 'assets/images/ellie-goulding-cute-smile-5k-wq.jpg', '\r'),
('Music', 'assets/images/sarah-joy-miller-qg.jpg', '\r'),
('Music', 'assets/images/miley-cyrus-2018-x6.jpg', 'Premium\r'),
('Music', 'assets/images/miley-cyrus-gorgeous-8i.jpg', '\r'),
('Music', 'assets/images/miley-cyrus-5k-2018-d7.jpg', '\r'),
('Music', 'assets/images/post-malone-performing-live-4k-5z.jpg', '\r'),
('Music', 'assets/images/halsey-4k-2018-3z.jpg', 'Premium\r'),
('Music', 'assets/images/amanda-cerny-model-4k-0g.jpg', '\r'),
('Music', 'assets/images/eisblume-o9.jpg', '\r'),
('Music', 'assets/images/austin-mahone-on.jpg', '\r'),
('Music', 'assets/images/phoebe-day-5k-ps.jpg', 'Premium\r'),
('Music', 'assets/images/marshmello-2018-5k-4r.jpg', '\r'),
('Music', 'assets/images/2018-camila-cabello-new-ot.jpg', '\r'),
('Music', 'assets/images/4k-alan-walker-2018-23.jpg', 'Premium\r'),
('Music', 'assets/images/dua-lipa-x-jaguar-photoshoot-2018-bz.jpg', '\r'),
('Music', 'assets/images/dua-lipa-live-5k-3u.jpg', '\r'),
('Music', 'assets/images/zedd-10k-5k.jpg', '\r'),
('Music', 'assets/images/alan-walker-4k-dj-7z.jpg', 'Premium\r'),
('Music', 'assets/images/mac-miller-5k-2018-jn.jpg', '\r'),
('Music', 'assets/images/kanye-west-b6.jpg', 'Premium\r'),
('Music', 'assets/images/dinah-jane-5k-2e.jpg', '\r'),
('Music', 'assets/images/mac-miller-rapper-wg.jpg', '\r'),
('Music', 'assets/images/mac-miller-5k-ny.jpg', 'Premium\r'),
('Music', 'assets/images/mac-miller-1d.jpg', 'Premium\r'),
('Music', 'assets/images/2018-ariana-grande-5k-65.jpg', '\r'),
('Music', 'assets/images/charlz-ti.jpg', 'Premium\r'),
('Music', 'assets/images/jess-glynne-76.jpg', 'Premium\r'),
('Music', 'assets/images/lorde-the-music-magazine-4k-jn.jpg', '\r'),
('Music', 'assets/images/zayn-malik-nme-magazine-si.jpg', 'Premium\r'),
('Music', 'assets/images/charlz-5k-up.jpg', '\r'),
('Music', 'assets/images/j-balvin-and-anitta-d0.jpg', 'Premium\r'),
('Music', 'assets/images/j-balvin-jb.jpg', 'Premium\r'),
('Music', 'assets/images/alan-walker-darkside-4k-rk.jpg', 'Premium\r'),
('Music', 'assets/images/4k-marshmello-art-xq.jpg', 'Premium\r'),
('Music', 'assets/images/twenty-one-pilots-artwork-4k-7w.jpg', 'Premium\r'),
('Music', 'assets/images/polina-grace-ax.jpg', '\r'),
('Music', 'assets/images/ariana-grande-the-fader-2018-jg.jpg', 'Premium\r'),
('Music', 'assets/images/gabrielle-aplin-8k-xb.jpg', '\r'),
('Music', 'assets/images/in-my-coma-s6.jpg', 'Premium\r'),
('Music', 'assets/images/sabrina-carpenter-closeup-4k-r7.jpg', '\r'),
('Music', 'assets/images/louisa-johnson-4k-jk.jpg', '\r'),
('Music', 'assets/images/taylor-swift-latest-2018-4k-gz.jpg', '\r'),
('Music', 'assets/images/taylor-swift-8k-monochrome-xc.jpg', '\r'),
('Music', 'assets/images/katy-perry-singer-lk.jpg', 'Premium\r'),
('Music', 'assets/images/2018-alan-walker-dark-background-5k-xa.jpg', 'Premium\r'),
('Music', 'assets/images/marshmello-performing-at-music-festival-5k-if.jpg', 'Premium\r'),
('Music', 'assets/images/ariana-grande-2018-5k-46.jpg', '\r'),
('Music', 'assets/images/drake-live-nf.jpg', '\r'),
('Music', 'assets/images/avril-lavigne-glamour-photoshoot-vq.jpg', '\r'),
('Music', 'assets/images/zedd-76.jpg', 'Premium\r'),
('Music', 'assets/images/steve-aoki-1t.jpg', '\r'),
('Music', 'assets/images/craig-david-oe.jpg', 'Premium\r'),
('Music', 'assets/images/rich-the-kid-fu.jpg', 'Premium\r'),
('Music', 'assets/images/dua-lipa-live-5k-3u.jpg', '\r'),
('Music', 'assets/images/zedd-10k-5k.jpg', '\r'),
('Music', 'assets/images/phoebe-day-lh.jpg', '\r'),
('Music', 'assets/images/abigail-breslin-4e.jpg', '\r'),
('Music', 'assets/images/rachel-wammack-1c.jpg', 'Premium\r'),
('Music', 'assets/images/anna-grace-lx.jpg', '\r'),
('Music', 'assets/images/megan-nicole-t1.jpg', '\r'),
('Music', 'assets/images/delta-goodrem-4k-h3.jpg', '\r'),
('Music', 'assets/images/tiesto-6e.jpg', '\r'),
('Music', 'assets/images/skrillex-5k-p0.jpg', '\r'),
('Music', 'assets/images/phoebe-day-singer-4k-09.jpg', 'Premium\r'),
('Music', 'assets/images/5k-marshmello-7p.jpg', 'Premium\r'),
('Music', 'assets/images/avril-lavigne-cc.jpg', '\r'),
('Music', 'assets/images/5k-alan-walker-bn.jpg', 'Premium\r'),
('Music', 'assets/images/ellie-goulding-nike-2018-10k-qy.jpg', 'Premium\r'),
('Music', 'assets/images/jenny-tolman-7i.jpg', 'Premium\r'),
('Music', 'assets/images/ariana-grande-the-fader-photoshoot-j6.jpg', '\r'),
('Music', 'assets/images/hailee-steinfeld-photoshoot-2018-p1.jpg', 'Premium\r'),
('Music', 'assets/images/charli-xcx-monochrome-5u.jpg', '\r'),
('Music', 'assets/images/sydney-sierota-uk.jpg', 'Premium\r'),
('Music', 'assets/images/polina-grace-ax.jpg', '\r'),
('Music', 'assets/images/ariana-grande-the-fader-2018-jg.jpg', '\r'),
('Music', 'assets/images/gabrielle-aplin-8k-xb.jpg', 'Premium\r'),
('Music', 'assets/images/in-my-coma-s6.jpg', 'Premium\r'),
('Music', 'assets/images/sabrina-carpenter-closeup-4k-r7.jpg', 'Premium\r'),
('Music', 'assets/images/louisa-johnson-4k-jk.jpg', '\r'),
('Music', 'assets/images/taylor-swift-latest-2018-4k-gz.jpg', 'Premium\r'),
('Music', 'assets/images/taylor-swift-8k-monochrome-xc.jpg', 'Premium\r'),
('Music', 'assets/images/katy-perry-singer-lk.jpg', '\r'),
('Music', 'assets/images/2018-alan-walker-dark-background-5k-xa.jpg', 'Premium\r'),
('Music', 'assets/images/marshmello-performing-at-music-festival-5k-if.jpg', '\r'),
('Music', 'assets/images/ariana-grande-2018-5k-46.jpg', '\r'),
('Music', 'assets/images/drake-live-nf.jpg', '\r'),
('Music', 'assets/images/avril-lavigne-glamour-photoshoot-vq.jpg', 'Premium\r'),
('Music', 'assets/images/zedd-76.jpg', 'Premium\r'),
('Music', 'assets/images/steve-aoki-1t.jpg', 'Premium\r'),
('Nature', 'assets/images/yosemite-valley-landsacpe-5k-fq.jpg', 'Premium\r'),
('Nature', 'assets/images/winter-snow-landscape-ln.jpg', 'Premium\r'),
('Nature', 'assets/images/green-northern-lights-8k-rg.jpg', '\r'),
('Nature', 'assets/images/sand-dunes-landscape-5k-3w.jpg', '\r'),
('Nature', 'assets/images/sunset-view-from-the-top-of-mountain-5k-zg.jpg', '\r'),
('Nature', 'assets/images/silent-ocean-sunset-5k-8v.jpg', '\r'),
('Nature', 'assets/images/beautiful-mountain-road-4s.jpg', '\r'),
('Nature', 'assets/images/blue-sky-with-stars-5k-51.jpg', '\r'),
('Nature', 'assets/images/river-landscape-sun-beams-5k-83.jpg', 'Premium\r'),
('Nature', 'assets/images/mirror-lake-reflection-sunset-scenic-5k-ns.jpg', 'Premium\r'),
('Nature', 'assets/images/maple-tree-autumn-lake-5k-3j.jpg', 'Premium\r'),
('Nature', 'assets/images/beach-photo-during-golden-hour-5k-zx.jpg', 'Premium\r'),
('Nature', 'assets/images/magical-garden-5k-eo.jpg', 'Premium\r'),
('Nature', 'assets/images/beach-sea-shore-5k-5a.jpg', '\r'),
('Nature', 'assets/images/sea-horizon-5k-v4.jpg', '\r'),
('Nature', 'assets/images/river-flowing-bridge-5k-04.jpg', 'Premium\r'),
('Nature', 'assets/images/desert-landscape-morning-4k-w4.jpg', 'Premium\r'),
('Nature', 'assets/images/autumn-tree-branches-4k-o2.jpg', '\r'),
('Nature', 'assets/images/snowy-rocky-mountains-pa.jpg', '\r'),
('Nature', 'assets/images/yellow-grass-field-4k-7n.jpg', 'Premium\r'),
('Nature', 'assets/images/yosemite-valley-landsacpe-5k-fq.jpg', '\r'),
('Nature', 'assets/images/winter-snow-landscape-ln.jpg', '\r'),
('Nature', 'assets/images/green-northern-lights-8k-rg.jpg', 'Premium\r'),
('Nature', 'assets/images/sand-dunes-landscape-5k-3w.jpg', '\r'),
('Nature', 'assets/images/sunset-view-from-the-top-of-mountain-5k-zg.jpg', '\r'),
('Nature', 'assets/images/silent-ocean-sunset-5k-8v.jpg', 'Premium\r'),
('Nature', 'assets/images/beautiful-mountain-road-4s.jpg', 'Premium\r'),
('Nature', 'assets/images/blue-sky-with-stars-5k-51.jpg', '\r'),
('Nature', 'assets/images/river-landscape-sun-beams-5k-83.jpg', '\r'),
('Nature', 'assets/images/mirror-lake-reflection-sunset-scenic-5k-ns.jpg', '\r'),
('Nature', 'assets/images/maple-tree-autumn-lake-5k-3j.jpg', 'Premium\r'),
('Nature', 'assets/images/beach-photo-during-golden-hour-5k-zx.jpg', '\r'),
('Nature', 'assets/images/magical-garden-5k-eo.jpg', 'Premium\r'),
('Nature', 'assets/images/beach-sea-shore-5k-5a.jpg', '\r'),
('Nature', 'assets/images/sea-horizon-5k-v4.jpg', '\r'),
('Nature', 'assets/images/river-flowing-bridge-5k-04.jpg', '\r'),
('Nature', 'assets/images/ocean-coast-sunrise-5k-yk.jpg', '\r'),
('Nature', 'assets/images/playamar-beach-in-spain-qp.jpg', '\r'),
('Nature', 'assets/images/pebble-stone-sea-coast-5k-83.jpg', '\r'),
('Nature', 'assets/images/pine-trees-fog-forest-5k-58.jpg', '\r'),
('Nature', 'assets/images/yosemite-valley-lake-tm.jpg', '\r'),
('Nature', 'assets/images/rock-ridge-mountains-sunrise-5k-xy.jpg', '\r'),
('Nature', 'assets/images/backlit-bright-pink-sunset-landscape-5k-9u.jpg', 'Premium\r'),
('Nature', 'assets/images/snow-covered-field-4k-92.jpg', '\r'),
('Nature', 'assets/images/backlit-dusk-dawn-seashore-5k-ek.jpg', '\r'),
('Nature', 'assets/images/beautiful-landscape-mountains-4k-7g.jpg', 'Premium\r'),
('Nature', 'assets/images/sea-shore-ocean-during-sunset-hg.jpg', 'Premium\r'),
('Nature', 'assets/images/tree-galaxy-sky-8k-b7.jpg', 'Premium\r'),
('Nature', 'assets/images/long-exposure-waterfall-landscape-stars-5k-fr.jpg', '\r'),
('Nature', 'assets/images/vibrant-nature-ocean-4k-nk.jpg', 'Premium\r'),
('Nature', 'assets/images/mist-mountain-landscape-sky-5k-df.jpg', '\r'),
('Nature', 'assets/images/daybreak-tree-landscape-5k-lf.jpg', '\r'),
('Nature', 'assets/images/early-morning-fog-sky-mountains-e5.jpg', 'Premium\r'),
('Nature', 'assets/images/oregon-yellow-pink-sunset-4k-uk.jpg', 'Premium\r'),
('Nature', 'assets/images/twilight-islands-4k-ek.jpg', '\r'),
('Nature', 'assets/images/autumn-landscape-4k-lx.jpg', '\r'),
('Nature', 'assets/images/sea-line-purple-sky-5k-o0.jpg', '\r'),
('Nature', 'assets/images/winter-mountain-snow-4k-01.jpg', 'Premium\r'),
('Nature', 'assets/images/field-weeds-sunrise-ib.jpg', '\r'),
('Nature', 'assets/images/himalayas-5k-zv.jpg', '\r'),
('Nature', 'assets/images/sea-shore-sunset-bk.jpg', '\r'),
('Nature', 'assets/images/rock-nature-4k-zf.jpg', '\r'),
('Nature', 'assets/images/blue-water-lake-star-valley-5k-mg.jpg', 'Premium\r'),
('Nature', 'assets/images/blue-sky-waterfall-snow-iceland-mountains-9x.jpg', 'Premium\r'),
('Nature', 'assets/images/cloudscape-dramatic-sky-coast-4k-la.jpg', 'Premium\r'),
('Nature', 'assets/images/snow-tree-minimal-5k-bs.jpg', '\r'),
('Nature', 'assets/images/yosemite-national-park-usa-4k-4r.jpg', '\r'),
('Nature', 'assets/images/dark-winter-lake-sunlight-4k-d5.jpg', '\r'),
('Nature', 'assets/images/fallen-autumn-leaf-5k-5a.jpg', 'Premium\r'),
('Nature', 'assets/images/road-bridge-across-seascape-4k-2m.jpg', '\r'),
('Nature', 'assets/images/northern-lights-night-sky-mountains-landscape-4k-k8.jpg', '\r'),
('Nature', 'assets/images/landscape-nature-clouds-5k-df.jpg', '\r'),
('Nature', 'assets/images/blue-sky-dark-sunset-g2.jpg', 'Premium\r'),
('Nature', 'assets/images/flower-bed-bo.jpg', 'Premium\r'),
('Nature', 'assets/images/morning-light-of-forest-treetop-ny.jpg', '\r'),
('Nature', 'assets/images/ocean-coast-sunrise-5k-yk.jpg', '\r'),
('Nature', 'assets/images/playamar-beach-in-spain-qp.jpg', '\r'),
('Nature', 'assets/images/pebble-stone-sea-coast-5k-83.jpg', '\r'),
('Nature', 'assets/images/pine-trees-fog-forest-5k-58.jpg', '\r'),
('Nature', 'assets/images/yosemite-valley-lake-tm.jpg', 'Premium\r'),
('Nature', 'assets/images/rock-ridge-mountains-sunrise-5k-xy.jpg', 'Premium\r'),
('Nature', 'assets/images/backlit-bright-pink-sunset-landscape-5k-9u.jpg', '\r'),
('Nature', 'assets/images/snow-covered-field-4k-92.jpg', 'Premium\r'),
('Nature', 'assets/images/backlit-dusk-dawn-seashore-5k-ek.jpg', 'Premium\r'),
('Nature', 'assets/images/beautiful-landscape-mountains-4k-7g.jpg', '\r'),
('Nature', 'assets/images/sea-shore-ocean-during-sunset-hg.jpg', '\r'),
('Nature', 'assets/images/tree-galaxy-sky-8k-b7.jpg', 'Premium\r'),
('Nature', 'assets/images/long-exposure-waterfall-landscape-stars-5k-fr.jpg', 'Premium\r'),
('Nature', 'assets/images/vibrant-nature-ocean-4k-nk.jpg', 'Premium\r'),
('Nature', 'assets/images/mist-mountain-landscape-sky-5k-df.jpg', 'Premium\r'),
('Nature', 'assets/images/sea-beach-sand-ocean-sky-5k-6i.jpg', '\r'),
('Nature', 'assets/images/pink-stars-night-astronomy-4k-02.jpg', '\r'),
('Nature', 'assets/images/boat-aerial-view-from-sky-3f.jpg', 'Premium\r'),
('Nature', 'assets/images/haze-mountain-landscape-monochrome-5k-a7.jpg', '\r'),
('Nature', 'assets/images/woman-swings-near-waterfall-5k-h4.jpg', 'Premium\r'),
('Nature', 'assets/images/scenic-view-behind-tree-5k-d9.jpg', '\r'),
('Nature', 'assets/images/last-blue-light-of-evening-in-woods-nc.jpg', 'Premium\r'),
('Nature', 'assets/images/red-tree-flowers-5k-0w.jpg', 'Premium\r'),
('Nature', 'assets/images/silence-in-sunset-5k-6g.jpg', 'Premium\r'),
('Nature', 'assets/images/brown-leaf-trees-winter-outdoors-4k-06.jpg', 'Premium\r'),
('Nature', 'assets/images/water-drop-on-leaf-macro-4k-k5.jpg', '\r'),
('Nature', 'assets/images/lonely-island-4k-2g.jpg', '\r'),
('Nature', 'assets/images/light-trail-nj.jpg', '\r'),
('Nature', 'assets/images/windmill-building-sunrise-beach-coast-8k-va.jpg', '\r'),
('Nature', 'assets/images/coast-rocks-stones-waterbody-4k-fe.jpg', 'Premium\r'),
('Nature', 'assets/images/girl-watching-landscape-view-5k-9c.jpg', 'Premium\r'),
('Nature', 'assets/images/orange-leaf-water-drops-macro-5k-rp.jpg', 'Premium\r'),
('Nature', 'assets/images/snow-capped-mountains-5k-in.jpg', 'Premium\r'),
('Nature', 'assets/images/pine-trees-reflection-5k-l0.jpg', '\r'),
('Nature', 'assets/images/red-dusk-landscape-mountain-scenic-5k-y3.jpg', '\r'),
('Nature', 'assets/images/rainbow-over-mountain-landscape-z7.jpg', 'Premium\r'),
('Nature', 'assets/images/astronomy-rocks-mountains-4k-dh.jpg', 'Premium\r'),
('Nature', 'assets/images/lakeside-reflection-landscape-5k-bn.jpg', 'Premium\r'),
('Nature', 'assets/images/mountain-landscape-dawn-lake-reflection-5k-qk.jpg', '\r'),
('Nature', 'assets/images/desert-photography-4k-oo.jpg', '\r'),
('Nature', 'assets/images/morning-in-mountains-lake-4k-jd.jpg', '\r'),
('Nature', 'assets/images/calm-desert-4k-6y.jpg', 'Premium\r'),
('Nature', 'assets/images/setting-sun-behind-cloud-4k-sz.jpg', 'Premium\r'),
('Nature', 'assets/images/orion-nebula-4k-qk.jpg', 'Premium\r'),
('Nature', 'assets/images/autumn-fall-season-trees-4k-zt.jpg', 'Premium\r'),
('Nature', 'assets/images/forest-road-asphalt-landscape-5k-i9.jpg', 'Premium\r'),
('Nature', 'assets/images/himalayas-mountains-landscape-4k-f3.jpg', '\r'),
('Nature', 'assets/images/person-standing-northern-light-aurora-4k-ym.jpg', 'Premium\r'),
('Nature', 'assets/images/eiffel-tower-5k-rg.jpg', 'Premium\r'),
('Nature', 'assets/images/autumn-fall-nature-4k-9x.jpg', '\r'),
('Nature', 'assets/images/milky-way-sky-5k-10.jpg', '\r'),
('Nature', 'assets/images/alps-mountains-clear-sky-5k-x2.jpg', '\r'),
('Nature', 'assets/images/mountains-landscape-night-snow-5k-p6.jpg', 'Premium\r'),
('Nature', 'assets/images/beautiful-mountain-range-and-river-5k-xn.jpg', 'Premium\r'),
('Nature', 'assets/images/sea-beach-sand-ocean-sky-5k-6i.jpg', '\r'),
('Nature', 'assets/images/pink-stars-night-astronomy-4k-02.jpg', '\r'),
('Nature', 'assets/images/boat-aerial-view-from-sky-3f.jpg', 'Premium\r'),
('Nature', 'assets/images/haze-mountain-landscape-monochrome-5k-a7.jpg', 'Premium\r'),
('Nature', 'assets/images/woman-swings-near-waterfall-5k-h4.jpg', 'Premium\r'),
('Nature', 'assets/images/scenic-view-behind-tree-5k-d9.jpg', '\r'),
('Nature', 'assets/images/last-blue-light-of-evening-in-woods-nc.jpg', 'Premium\r'),
('Nature', 'assets/images/red-tree-flowers-5k-0w.jpg', 'Premium\r'),
('Nature', 'assets/images/silence-in-sunset-5k-6g.jpg', 'Premium\r'),
('Nature', 'assets/images/brown-leaf-trees-winter-outdoors-4k-06.jpg', 'Premium\r'),
('Nature', 'assets/images/water-drop-on-leaf-macro-4k-k5.jpg', 'Premium\r'),
('Nature', 'assets/images/lonely-island-4k-2g.jpg', '\r'),
('Nature', 'assets/images/light-trail-nj.jpg', 'Premium\r'),
('Nature', 'assets/images/windmill-building-sunrise-beach-coast-8k-va.jpg', 'Premium\r'),
('Nature', 'assets/images/coast-rocks-stones-waterbody-4k-fe.jpg', 'Premium\r'),
('Nature', 'assets/images/landscape-sunrise-boat-mist-mountain-horizon-rz.jpg', '\r'),
('Nature', 'assets/images/sunset-monochrome-4k-c5.jpg', '\r'),
('Nature', 'assets/images/peyto-lake-canada-5k-y5.jpg', '\r'),
('Nature', 'assets/images/rocks-sea-coast-4k-j6.jpg', 'Premium\r'),
('Nature', 'assets/images/rocks-beach-sunrise-4k-yu.jpg', 'Premium\r'),
('Nature', 'assets/images/beautiful-morning-landscape-5k-24.jpg', '\r'),
('Nature', 'assets/images/sunset-island-5k-xc.jpg', '\r'),
('Nature', 'assets/images/sunset-dawn-landscape-5k-r4.jpg', 'Premium\r'),
('Nature', 'assets/images/blue-milky-way-8k-gg.jpg', '\r'),
('Nature', 'assets/images/sunrise-at-bow-lake-canada-8k-25.jpg', 'Premium\r'),
('Nature', 'assets/images/highway-sunset-5k-wh.jpg', 'Premium\r'),
('Nature', 'assets/images/sunset-dawn-nature-mountain-landscape-kackars-5k-t8.jpg', '\r'),
('Nature', 'assets/images/snow-winter-nature-cloud-mountains-np.jpg', 'Premium\r'),
('Nature', 'assets/images/clouds-landscape-grassland-5k-00.jpg', 'Premium\r'),
('Nature', 'assets/images/lago-di-limides-italy-mountains-rf.jpg', '\r'),
('Nature', 'assets/images/autumn-tree-forest-5k-7j.jpg', '\r'),
('Nature', 'assets/images/sunset-at-niagara-falls-5k-ln.jpg', 'Premium\r'),
('Nature', 'assets/images/milkway-glowing-stars-sky-5k-tt.jpg', 'Premium\r'),
('Nature', 'assets/images/sunset-ocean-tree-sun-light-b7.jpg', 'Premium\r'),
('Nature', 'assets/images/crescent-moon-night-sky-5k-05.jpg', '\r'),
('Nature', 'assets/images/dreamy-waterfall-4k-sc.jpg', '\r'),
('Nature', 'assets/images/maldives-island-aerial-view-4k-wj.jpg', 'Premium\r'),
('Nature', 'assets/images/rocks-and-sea-4k-ef.jpg', 'Premium\r'),
('Nature', 'assets/images/boat-starry-night-sky-h3.jpg', '\r'),
('Nature', 'assets/images/northern-lights-aurora-glacier-landscape-4k-p2.jpg', 'Premium\r'),
('Nature', 'assets/images/milkyway-5k-d5.jpg', '\r'),
('Nature', 'assets/images/red-mountain-range-highlands-8k-9n.jpg', '\r'),
('Nature', 'assets/images/dawn-landscape-sky-sea-5k-zx.jpg', 'Premium\r'),
('Nature', 'assets/images/iceland-sand-water-body-beach-5k-3p.jpg', 'Premium\r'),
('Nature', 'assets/images/sunset-sky-dark-5k-y3.jpg', '\r'),
('Nature', 'assets/images/last-back-light-of-sun-landscape-starry-night-7m.jpg', 'Premium\r'),
('Nature', 'assets/images/dark-sunset-ocean-gs.jpg', '\r'),
('Nature', 'assets/images/beach-clouds-ocean-sky-k0.jpg', '\r'),
('Nature', 'assets/images/sun-colorful-nature-5k-2l.jpg', 'Premium\r'),
('Nature', 'assets/images/mountain-cave-5k-3l.jpg', 'Premium\r'),
('Nature', 'assets/images/blue-ocean-sea-underwater-4k-ij.jpg', '\r'),
('Sports', 'assets/images/david-beckham-2018-5k-63.jpg', '\r'),
('Sports', 'assets/images/david-beckham-2018-4k-jc.jpg', 'Premium\r'),
('Sports', 'assets/images/wayne-rooney-k1.jpg', 'Premium\r'),
('Sports', 'assets/images/cristiano-ronaldo-8k-new-7f.jpg', '\r'),
('Sports', 'assets/images/david-beckham-kent-and-curwen-2018-5k-yh.jpg', '\r'),
('Sports', 'assets/images/david-beckham-jaguar-8k-fi.jpg', 'Premium\r'),
('Sports', 'assets/images/david-beckham-kent-and-curwen-2018-f6.jpg', 'Premium\r'),
('Sports', 'assets/images/cristiano-ronaldo-4k-new-zi.jpg', 'Premium\r'),
('Sports', 'assets/images/cristiano-ronaldo-5k-new-hp.jpg', 'Premium\r'),
('Sports', 'assets/images/cristiano-ronaldo-juventus-fc-gc.jpg', '\r'),
('Sports', 'assets/images/cristiano-ronaldo-4k-2018-1z.jpg', '\r'),
('Sports', 'assets/images/neymar-10k-xb.jpg', 'Premium\r'),
('Sports', 'assets/images/kai-greene-5k-2018-ja.jpg', '\r'),
('Sports', 'assets/images/kai-greene-5k-xt.jpg', '\r'),
('Sports', 'assets/images/kai-greene-g0.jpg', '\r'),
('Sports', 'assets/images/fcb-logo-2i.jpg', '\r'),
('Sports', 'assets/images/manchester-united-fc-logo-rv.jpg', '\r'),
('Sports', 'assets/images/inter-milan-logo-lv.jpg', '\r'),
('Sports', 'assets/images/khabib-vs-conor-mcgregor-ufc-229-2018-ad.jpg', '\r'),
('Sports', 'assets/images/cristiano-ronaldo-8k-2018-3g.jpg', 'Premium\r'),
('Sports', 'assets/images/lionel-messi-2018-18.jpg', '\r'),
('Sports', 'assets/images/cristiano-ronaldo-4k-2f.jpg', 'Premium\r'),
('Sports', 'assets/images/cristiano-ronaldo-8k-1h.jpg', 'Premium\r'),
('Sports', 'assets/images/cristiano-ronaldo-8k-legacy-the-private-edition-gx.jpg', 'Premium\r'),
('Sports', 'assets/images/conor-mcgregor-ka.jpg', 'Premium\r'),
('Sports', 'assets/images/lionel-messi-5k-2018-1i.jpg', 'Premium\r'),
('Sports', 'assets/images/manchester-city-football-player-82.jpg', '\r'),
('Sports', 'assets/images/adil-rami-1f.jpg', 'Premium\r'),
('Sports', 'assets/images/cristiano-ronaldo-soccer-player-8k-16.jpg', '\r'),
('Sports', 'assets/images/cristiano-ronaldo-5k-2018-dk.jpg', 'Premium\r'),
('Sports', 'assets/images/cristiano-ronaldo-5k-62.jpg', '\r'),
('Sports', 'assets/images/cristiano-ronaldo-nike-players-5k-xp.jpg', 'Premium\r'),
('Sports', 'assets/images/cristiano-ronaldo-kicking-football-27.jpg', 'Premium\r'),
('Sports', 'assets/images/girl-mountain-climber-5k-ml.jpg', 'Premium\r');
INSERT INTO `wallpapers` (`category_name`, `wallpaper_url`, `premium`) VALUES
('Sports', 'assets/images/skateboard-stunting-man-4k-tp.jpg', 'Premium\r'),
('Sports', 'assets/images/player-jumping-out-of-burning-woods-wk.jpg', '\r'),
('Sports', 'assets/images/lionel-messi-4k-rg.jpg', '\r'),
('Sports', 'assets/images/luis-suarez-82.jpg', '\r'),
('Sports', 'assets/images/neymar-dg.jpg', 'Premium\r'),
('Sports', 'assets/images/james-harden-9q.jpg', 'Premium\r'),
('Sports', 'assets/images/roger-federer-5k-tg.jpg', 'Premium\r'),
('Sports', 'assets/images/kevin-love-2e.jpg', 'Premium\r'),
('Sports', 'assets/images/kevin-durant-fu.jpg', '\r'),
('Sports', 'assets/images/james-harden-5k-art-om.jpg', 'Premium\r'),
('Sports', 'assets/images/lebron-james-15k-artwork-uw.jpg', '\r'),
('Sports', 'assets/images/james-harden-artwork-0p.jpg', '\r'),
('Sports', 'assets/images/james-harden-5k-9m.jpg', '\r'),
('Sports', 'assets/images/marc-gasol-8z.jpg', 'Premium\r'),
('Sports', 'assets/images/iman-shumpert-64.jpg', '\r'),
('Sports', 'assets/images/roger-federer-tennis-player-mp.jpg', 'Premium\r'),
('Sports', 'assets/images/roger-federer-n2.jpg', 'Premium\r'),
('Sports', 'assets/images/lionel-messi-5k-fh.jpg', 'Premium\r'),
('Sports', 'assets/images/lebron-james-5k-xy.jpg', '\r'),
('Sports', 'assets/images/lebron-james-zt.jpg', 'Premium\r'),
('Sports', 'assets/images/mesut-ozil-tn.jpg', '\r'),
('Sports', 'assets/images/antoine-griezmann-30.jpg', '\r'),
('Sports', 'assets/images/olivier-giroud-wn.jpg', '\r'),
('Sports', 'assets/images/neymar-and-david-lucca-his-son-7a.jpg', 'Premium\r'),
('Sports', 'assets/images/neymar-with-his-son-0t.jpg', 'Premium\r'),
('Sports', 'assets/images/neymar-5k-xk.jpg', 'Premium\r'),
('Sports', 'assets/images/lionel-messi-monochrome-sh.jpg', '\r'),
('Sports', 'assets/images/lionel-messi-minimalism-8k-z3.jpg', '\r'),
('Sports', 'assets/images/cristiano-ronaldo-portugal-nike-ip.jpg', 'Premium\r'),
('Sports', 'assets/images/fifa-world-cup-russia-5k-2018-o0.jpg', 'Premium\r'),
('Sports', 'assets/images/fc-barcelona-logo-minimalism-uv.jpg', 'Premium\r'),
('Sports', 'assets/images/david-beckham-adidas-fifa-2018-eg.jpg', '\r'),
('Sports', 'assets/images/david-beckham-adidas-2018-ya.jpg', 'Premium\r'),
('Sports', 'assets/images/cristiano-ronaldo-portugal-fifa-world-cup-2018-of.jpg', 'Premium\r'),
('Sports', 'assets/images/aerial-view-of-racing-track-numbers-76.jpg', 'Premium\r'),
('Sports', 'assets/images/neymar-jr-brazil-portraits-2018-9z.jpg', '\r'),
('Sports', 'assets/images/fifa-world-cup-russia-2018-4k-5k-8r.jpg', '\r'),
('Sports', 'assets/images/cristiano-ronaldo-portugal-portrait-3i.jpg', '\r'),
('Sports', 'assets/images/david-beckham-adidas-2018-ya.jpg', '\r'),
('Sports', 'assets/images/cristiano-ronaldo-portugal-fifa-world-cup-2018-of.jpg', '\r'),
('Sports', 'assets/images/aerial-view-of-racing-track-numbers-76.jpg', '\r'),
('Sports', 'assets/images/neymar-jr-brazil-portraits-2018-9z.jpg', '\r'),
('Sports', 'assets/images/fifa-world-cup-russia-2018-4k-5k-8r.jpg', 'Premium\r'),
('Sports', 'assets/images/cristiano-ronaldo-portugal-portrait-3i.jpg', 'Premium\r'),
('Sports', 'assets/images/lionel-messi-argentina-portrait-2018-o5.jpg', '\r'),
('Sports', 'assets/images/cristiano-ronaldo-portugal-portrait-2018-fc.jpg', '\r'),
('Sports', 'assets/images/neymar-jr-brazil-portraits-f1.jpg', '\r'),
('Sports', 'assets/images/fifa-world-cup-russia-logo-gf.jpg', 'Premium\r'),
('Sports', 'assets/images/cristiano-ronaldo-12k-j9.jpg', 'Premium\r'),
('Sports', 'assets/images/soccer-4k-abstract-background-ri.jpg', 'Premium\r'),
('Sports', 'assets/images/fifa-world-cup-russia-2018-trophy-ka.jpg', 'Premium\r'),
('Sports', 'assets/images/fifa-world-cup-russia-2018-5k-j2.jpg', 'Premium\r'),
('Sports', 'assets/images/fifa-world-cup-russia-2018-ds.jpg', '\r'),
('Sports', 'assets/images/2018-fifa-world-cup-russia-gh.jpg', '\r'),
('Sports', 'assets/images/running-track-numbers-eu.jpg', '\r'),
('Sports', 'assets/images/football-soccer-fire-ball-4k-f4.jpg', 'Premium\r'),
('Sports', 'assets/images/colorful-football-flame-digital-art-5o.jpg', '\r'),
('Sports', 'assets/images/snowboarding-om.jpg', '\r'),
('Sports', 'assets/images/football-shoe-fire-smoke-5k-rm.jpg', '\r'),
('Sports', 'assets/images/cristiano-ronaldo-vector-illustration-8k-sk.jpg', '\r'),
('Sports', 'assets/images/soccer-players-football-4k-q3.jpg', '\r'),
('Sports', 'assets/images/basketball-player-8k-ei.jpg', 'Premium\r'),
('Sports', 'assets/images/kyrie-irving-yz.jpg', 'Premium\r'),
('Sports', 'assets/images/running-track-sn.jpg', '\r'),
('Sports', 'assets/images/jogging-run-tz.jpg', 'Premium\r'),
('Sports', 'assets/images/marco-reus-4n.jpg', '\r'),
('Sports', 'assets/images/martina-hingis-2017-fd.jpg', 'Premium\r'),
('Sports', 'assets/images/martina-hingis-5k-pd.jpg', '\r'),
('Sports', 'assets/images/football-player-soccer-qb.jpg', 'Premium\r'),
('Sports', 'assets/images/kickboxing-4k-yn.jpg', 'Premium\r'),
('Sports', 'assets/images/basketball-man-jumping-playing-8k-h4.jpg', '\r'),
('Sports', 'assets/images/skateboard-girl-boy-road-sunrise-bx.jpg', 'Premium\r'),
('Sports', 'assets/images/hockey-player-playing-7q.jpg', 'Premium\r'),
('Sports', 'assets/images/soccer-girl-with-football-in-stadium-q2.jpg', 'Premium\r'),
('Sports', 'assets/images/chess-8k-2r.jpg', 'Premium\r'),
('Sports', 'assets/images/running-man-f0.jpg', 'Premium\r'),
('Sports', 'assets/images/basketball-artistic-ht.jpg', '\r'),
('Sports', 'assets/images/nike-black-play-football-ev.jpg', 'Premium\r'),
('Sports', 'assets/images/fcb-logo-minimalism-qhd.jpg', 'Premium\r'),
('Sports', 'assets/images/football-player-ap.jpg', '\r'),
('Sports', 'assets/images/liverpool-fc-daniel-sturridge-luis-suarez-steven-gerrard-hd.jpg', '\r'),
('Sports', 'assets/images/2016-lionel-messi-wide.jpg', 'Premium\r'),
('Sports', 'assets/images/fc-barcelona-2016-on.jpg', '\r'),
('Sports', 'assets/images/paragliding-wide.jpg', '\r'),
('Sports', 'assets/images/summer-olympics-rio-2016-po.jpg', 'Premium\r'),
('Sports', 'assets/images/olympics-rio-2016-to.jpg', '\r'),
('Sports', 'assets/images/virat-kohli-hd-img.jpg', 'Premium\r'),
('Sports', 'assets/images/james-rodriguez-ap.jpg', '\r'),
('Sports', 'assets/images/cristiano-ronaldo-new.jpg', 'Premium\r'),
('Sports', 'assets/images/england-uefa-euro-2016-do.jpg', '\r'),
('Sports', 'assets/images/wales-euro-2016-po.jpg', '\r'),
('Sports', 'assets/images/uefa-europa-league-to.jpg', 'Premium\r'),
('Sports', 'assets/images/euro-2016-new.jpg', 'Premium\r'),
('Sports', 'assets/images/virat-kohli-4k-ap.jpg', 'Premium\r'),
('Sports', 'assets/images/basketball-4k-lu.jpg', '\r'),
('Sports', 'assets/images/uefa-euro-football-2016-ap.jpg', '\r'),
('Sports', 'assets/images/levis-stadium-lu.jpg', '\r'),
('Sports', 'assets/images/rock-climbing-cycle-hd.jpg', '\r'),
('Sports', 'assets/images/raul-meireles-4k.jpg', '\r'),
('Sports', 'assets/images/lionel-messi-player-wallpaper.jpg', '\r'),
('Sports', 'assets/images/girl-streching-on-beach-qhd.jpg', 'Premium\r'),
('Sports', 'assets/images/sports-girl-fitness-qhd.jpg', 'Premium\r'),
('Sports', 'assets/images/uefa-champions-league-2016-qhd.jpg', '\r'),
('Sports', 'assets/images/fc-barcelona-team-2016-image.jpg', '\r'),
('Sports', 'assets/images/jordi-masip-qhd.jpg', 'Premium\r'),
('Sports', 'assets/images/sergi-samper-4k.jpg', '\r'),
('Sports', 'assets/images/thomas-vermaelen-wallpaper.jpg', 'Premium\r'),
('Sports', 'assets/images/munir-el-haddadi-4k.jpg', 'Premium\r'),
('Sports', 'assets/images/sandro-ramirez-pic.jpg', 'Premium\r'),
('Sports', 'assets/images/sergi-roberto-pic.jpg', 'Premium\r'),
('Sports', 'assets/images/marc-bartra-image.jpg', 'Premium\r'),
('Sports', 'assets/images/adriano-correia-qhd.jpg', 'Premium\r'),
('Sports', 'assets/images/arda-turan-pic.jpg', '\r'),
('Sports', 'assets/images/marc-andre-ter-stegen-wide.jpg', 'Premium\r'),
('Sports', 'assets/images/rafinha-hd.jpg', 'Premium\r'),
('Sports', 'assets/images/claudio-bravo-wallpaper.jpg', '\r'),
('Sports', 'assets/images/aleix-vidal-hd.jpg', '\r'),
('Sports', 'assets/images/douglas-pereira-dos-santos-hd.jpg', 'Premium\r'),
('Sports', 'assets/images/ivan-rakitic-hd.jpg', '\r'),
('Sports', 'assets/images/jordi-alba-wide.jpg', '\r'),
('Sports', 'assets/images/jeremy-mathieu-hd.jpg', 'Premium\r'),
('Sports', 'assets/images/gerard-pique-fc-barcelona-pic.jpg', 'Premium\r'),
('Sports', 'assets/images/daniel-alves-fc-barcelona-4k.jpg', '\r'),
('Sports', 'assets/images/javier-mascherano-fc-barcelona-wide.jpg', 'Premium\r'),
('Sports', 'assets/images/sergio-busquets-fc-barcelona-wide.jpg', '\r'),
('Sports', 'assets/images/andres-iniesta-fc-barcelona-pic.jpg', '\r'),
('Sports', 'assets/images/neymar-jr-fc-barcelona-wallpaper.jpg', '\r'),
('Sports', 'assets/images/luis-suarez-fc-barcelona-wide.jpg', 'Premium\r'),
('Sports', 'assets/images/andres-iniesta-fc-barcelona-pic.jpg', 'Premium\r'),
('Sports', 'assets/images/neymar-jr-fc-barcelona-wallpaper.jpg', '\r'),
('Sports', 'assets/images/luis-suarez-fc-barcelona-wide.jpg', 'Premium\r'),
('Sports', 'assets/images/lionel-messi-fc-barcelona-qhd.jpg', '\r'),
('Sports', 'assets/images/michael-jordan-art.jpg', '\r'),
('Sports', 'assets/images/lioenel-messi-4k.jpg', 'Premium\r'),
('Sports', 'assets/images/manchester-united-logo-hd-wallpaper.jpg', '\r'),
('Sports', 'assets/images/manchester-united-3d-logo-qhd.jpg', '\r'),
('Sports', 'assets/images/manchester-united-hd-wide.jpg', '\r'),
('Sports', 'assets/images/manchester-united-shirt-4k.jpg', 'Premium\r'),
('Sports', 'assets/images/manchester-united-team-wide.jpg', 'Premium\r'),
('Sports', 'assets/images/manchester-united-2-hd.jpg', 'Premium\r'),
('Sports', 'assets/images/messi-digital-art-pic.jpg', 'Premium\r'),
('Sports', 'assets/images/fifa-world-cup-brasil-hd.jpg', '\r'),
('Sports', 'assets/images/ufc-4k.jpg', 'Premium\r'),
('Sports', 'assets/images/leo-messi-argentina-image.jpg', '\r'),
('Sports', 'assets/images/fcb-leo-messi-4k.jpg', '\r'),
('Sports', 'assets/images/lionel-messi-football-4k.jpg', 'Premium\r'),
('Superheros', 'assets/images/frosty-harley-quinn-5k-fj.jpg', 'Premium\r'),
('Superheros', 'assets/images/dark-knight-5k-artwork-bg.jpg', 'Premium\r'),
('Superheros', 'assets/images/spiderman-into-the-spider-verse-new-artwork-wy.jpg', 'Premium\r'),
('Superheros', 'assets/images/supergirl-8k-2018-k4.jpg', '\r'),
('Superheros', 'assets/images/deadpool-vs-pikachu-hk.jpg', '\r'),
('Superheros', 'assets/images/joker-damaged-painting-qk.jpg', 'Premium\r'),
('Superheros', 'assets/images/batwoman-new-digital-art-4a.jpg', 'Premium\r'),
('Superheros', 'assets/images/venom-8k-wq.jpg', '\r'),
('Superheros', 'assets/images/batman-gotham-city-kd.jpg', '\r'),
('Superheros', 'assets/images/joker-new-art-6l.jpg', '\r'),
('Superheros', 'assets/images/harley-quinn-arts-5m.jpg', '\r'),
('Superheros', 'assets/images/thor-4k-2018-new-qz.jpg', '\r'),
('Superheros', 'assets/images/batwoman-digital-painting-yv.jpg', '\r'),
('Superheros', 'assets/images/spider-man-3-95.jpg', '\r'),
('Superheros', 'assets/images/the-maiden-with-a-mouth-th.jpg', 'Premium\r'),
('Superheros', 'assets/images/gamora-digital-art-go.jpg', '\r'),
('Superheros', 'assets/images/war-machine-arts-um.jpg', 'Premium\r'),
('Superheros', 'assets/images/superheroes-girls-digital-art-5k-hq.jpg', '\r'),
('Superheros', 'assets/images/lego-aquaman-dm.jpg', '\r'),
('Superheros', 'assets/images/flash-digital-artwork-4k-m7.jpg', '\r'),
('Superheros', 'assets/images/catwoman-digital-artwork-fv.jpg', '\r'),
('Superheros', 'assets/images/spider-verse-new-fanart-um.jpg', 'Premium\r'),
('Superheros', 'assets/images/batman-4k-portrait-w1.jpg', '\r'),
('Superheros', 'assets/images/spiderman-climb-through-wall-sn.jpg', 'Premium\r'),
('Superheros', 'assets/images/4k-deadpool-2018-cy.jpg', '\r'),
('Superheros', 'assets/images/iron-man-colorful-art-sl.jpg', 'Premium\r'),
('Superheros', 'assets/images/venom-vs-riot-rf.jpg', '\r'),
('Superheros', 'assets/images/all-star-batman-5k-4.jpg', 'Premium\r'),
('Superheros', 'assets/images/spiderman-ps4-fan-art-4k-4b.jpg', 'Premium\r'),
('Superheros', 'assets/images/avengers-infinity-war-8k-i1.jpg', 'Premium\r'),
('Superheros', 'assets/images/joker-and-harley-quinn-in-the-car-artwork-8k-wz.jpg', '\r'),
('Superheros', 'assets/images/iron-man-mark-4-1o.jpg', 'Premium\r'),
('Superheros', 'assets/images/star-lord-new-art-nj.jpg', 'Premium\r'),
('Superheros', 'assets/images/pikapool-rv.jpg', 'Premium\r'),
('Superheros', 'assets/images/venom-superhero-digital-art-4k-g5.jpg', 'Premium\r'),
('Superheros', 'assets/images/captain-marvel-fan-digital-art-we.jpg', '\r'),
('Superheros', 'assets/images/red-spiderman-jh.jpg', 'Premium\r'),
('Superheros', 'assets/images/batman-michael-keaton-en.jpg', '\r'),
('Superheros', 'assets/images/new-wonder-woman-artwork-si.jpg', 'Premium\r'),
('Superheros', 'assets/images/dark-knight-5k-2018-fy.jpg', '\r'),
('Superheros', 'assets/images/spiderman-low-poly-arts-7u.jpg', '\r'),
('Superheros', 'assets/images/batman-cosplay-5k-0n.jpg', 'Premium\r'),
('Superheros', 'assets/images/gwen-stacy-4k-dm.jpg', 'Premium\r'),
('Superheros', 'assets/images/wonder-woman-funko-5k-zt.jpg', '\r'),
('Superheros', 'assets/images/spiderman-5k-avengers-infinity-war-gj.jpg', 'Premium\r'),
('Superheros', 'assets/images/deadpool-low-poly-artwork-4k-ub.jpg', '\r'),
('Superheros', 'assets/images/venom-marvel-comic-superhero-4k-83.jpg', 'Premium\r'),
('Superheros', 'assets/images/black-panther-4k-new-artwork-cx.jpg', 'Premium\r'),
('Superheros', 'assets/images/batman-and-superman-fat-heads-4k-9v.jpg', 'Premium\r'),
('Superheros', 'assets/images/deadpool-artworks-z6.jpg', 'Premium\r'),
('Superheros', 'assets/images/spiderman-2099-blanco-oq.jpg', '\r'),
('Superheros', 'assets/images/mr-deadpool-hk.jpg', 'Premium\r'),
('Superheros', 'assets/images/batman-dark-art-ni.jpg', '\r'),
('Superheros', 'assets/images/batman-and-superman-fat-heads-zz.jpg', '\r'),
('Superheros', 'assets/images/gotham-salvation-86.jpg', '\r'),
('Superheros', 'assets/images/punk-spidey-art-ne.jpg', '\r'),
('Superheros', 'assets/images/marvel-doctor-strange-art-5m.jpg', 'Premium\r'),
('Superheros', 'assets/images/joker-4k-art-r9.jpg', 'Premium\r'),
('Superheros', 'assets/images/dark-knight-minimalism-g6.jpg', '\r'),
('Superheros', 'assets/images/spiderman-into-the-spider-verse-new-fanart-x2.jpg', 'Premium\r'),
('Superheros', 'assets/images/wonder-woman-new-digital-art-8g.jpg', '\r'),
('Superheros', 'assets/images/iron-man-5k-new-art-n2.jpg', 'Premium\r'),
('Superheros', 'assets/images/lady-deadpool-aw.jpg', 'Premium\r'),
('Superheros', 'assets/images/funky-spiderman-ps4-4k-au.jpg', 'Premium\r'),
('Superheros', 'assets/images/superman-artworks-j9.jpg', '\r'),
('Superheros', 'assets/images/deadpool-2-2018-artwork-l4.jpg', 'Premium\r'),
('Superheros', 'assets/images/harley-quinn-fan-art-5k-qs.jpg', 'Premium\r'),
('Superheros', 'assets/images/venom-new-art-2018-pz.jpg', 'Premium\r'),
('Superheros', 'assets/images/thanos-8k-jv.jpg', '\r'),
('Superheros', 'assets/images/spiderman-logo-artwork-c9.jpg', 'Premium\r'),
('Superheros', 'assets/images/spiderman-into-the-spiderverse-fan-made-poster-6w.jpg', '\r'),
('Superheros', 'assets/images/war-machine-fan-art-1b.jpg', '\r'),
('Superheros', 'assets/images/spiderman-into-the-spider-verse-4k-new-artwork-zu.jpg', '\r'),
('Superheros', 'assets/images/marvel-spider-man-ps4-fanart-j7.jpg', 'Premium\r'),
('Superheros', 'assets/images/joker-and-harley-quinn-pride-1n.jpg', '\r'),
('Superheros', 'assets/images/iron-man-arts-4k-mu.jpg', 'Premium\r'),
('Superheros', 'assets/images/spiderman-insomniac-dd.jpg', '\r'),
('Superheros', 'assets/images/batman-joker-art-zj.jpg', 'Premium\r'),
('Superheros', 'assets/images/spiderman-into-the-spiderverse-illustrated-poster-l1.jpg', '\r'),
('Superheros', 'assets/images/suicide-squad-harley-quinn-art-4t.jpg', '\r'),
('Superheros', 'assets/images/deadpool-8k-artwork-og.jpg', 'Premium\r'),
('Superheros', 'assets/images/iron-spidey-54.jpg', '\r'),
('Superheros', 'assets/images/devil-hulk-n1.jpg', 'Premium\r'),
('Superheros', 'assets/images/deadpool-war-zone-0s.jpg', 'Premium\r'),
('Superheros', 'assets/images/deadpool-4k-new-artwork-oe.jpg', '\r'),
('Superheros', 'assets/images/venom-5k-fan-artwork-1q.jpg', 'Premium\r'),
('Superheros', 'assets/images/spidey-artwork-94.jpg', 'Premium\r'),
('Superheros', 'assets/images/harley-quinn-killing-bats-op.jpg', 'Premium\r'),
('Superheros', 'assets/images/iron-man-8k-2018-bo.jpg', '\r'),
('Superheros', 'assets/images/thanos-new-artwork-jv.jpg', '\r'),
('Superheros', 'assets/images/joker-arts-58.jpg', '\r'),
('Superheros', 'assets/images/new-batwoman-art-z4.jpg', 'Premium\r'),
('Superheros', 'assets/images/justice-league-team-gp.jpg', 'Premium\r'),
('Superheros', 'assets/images/venom-artwork-8k-0g.jpg', '\r'),
('Superheros', 'assets/images/wolverine-marvel-hero-os.jpg', '\r'),
('Superheros', 'assets/images/supergirl-megan-fox-o5.jpg', 'Premium\r'),
('Superheros', 'assets/images/spider-man-2026-ym.jpg', '\r'),
('Superheros', 'assets/images/wonder-woman-painting-art-5k-it.jpg', 'Premium\r'),
('Superheros', 'assets/images/art-captain-america-zk.jpg', 'Premium\r'),
('Superheros', 'assets/images/spiderman-defeating-venom-1z.jpg', 'Premium\r'),
('Superheros', 'assets/images/deadpool-superhero-ur.jpg', 'Premium\r'),
('Superheros', 'assets/images/lego-batman-4k-cb.jpg', 'Premium\r'),
('Superheros', 'assets/images/artworks-of-batman-5n.jpg', 'Premium\r'),
('Superheros', 'assets/images/dark-knight-5k-3r.jpg', 'Premium\r'),
('Superheros', 'assets/images/gwen-and-miles-chillin-c7.jpg', '\r'),
('Superheros', 'assets/images/knights-of-gotham-3d.jpg', 'Premium\r'),
('Superheros', 'assets/images/venom-abstract-4k-oe.jpg', 'Premium\r'),
('Superheros', 'assets/images/joker-face-text-artwork-rl.jpg', '\r'),
('Superheros', 'assets/images/deadpool-with-sword-6h.jpg', '\r'),
('Superheros', 'assets/images/professor-zoom-artwork-3m.jpg', '\r'),
('Superheros', 'assets/images/wonder-woman-warrior-artworks-97.jpg', 'Premium\r'),
('Superheros', 'assets/images/black-widow-5k-artwork-4p.jpg', 'Premium\r'),
('Superheros', 'assets/images/sad-spiderman-vb.jpg', '\r'),
('Superheros', 'assets/images/gotham-city-sirens-af.jpg', '\r'),
('Superheros', 'assets/images/dc-supervillain-15k-xc.jpg', '\r'),
('Superheros', 'assets/images/wonder-woman-illustrator-4k-85.jpg', '\r'),
('Superheros', 'assets/images/the-jokers-38.jpg', 'Premium\r'),
('Superheros', 'assets/images/wolverine-and-riddick-ax.jpg', '\r'),
('Superheros', 'assets/images/spiderman-and-spider-woman-team-versus-the-hulk-qs.jpg', 'Premium\r'),
('Superheros', 'assets/images/spiderman-dlc-rn.jpg', 'Premium\r'),
('Superheros', 'assets/images/after-infinity-war-ut.jpg', '\r'),
('Superheros', 'assets/images/iron-man-black-x-gold-89.jpg', 'Premium\r'),
('Superheros', 'assets/images/spiderman-and-ladybug-10k-ka.jpg', '\r'),
('Superheros', 'assets/images/iron-man-marvel-5k-rb.jpg', '\r'),
('Superheros', 'assets/images/joker-and-harley-quinn-fat-heads-j0.jpg', '\r'),
('Superheros', 'assets/images/wolverine-and-deadpool-vacation-in-japan-43.jpg', 'Premium\r'),
('Superheros', 'assets/images/supergirl-4k-2018-z5.jpg', '\r'),
('Superheros', 'assets/images/batman-joker-harley-quinn-px.jpg', 'Premium\r'),
('Superheros', 'assets/images/harley-quinn-vector-portrait-4m.jpg', 'Premium\r'),
('Superheros', 'assets/images/wonder-woman-and-mera-47.jpg', 'Premium\r'),
('Superheros', 'assets/images/venom-colorful-art-dh.jpg', 'Premium\r'),
('Superheros', 'assets/images/black-panther-5k-new-artwork-40.jpg', '\r'),
('Superheros', 'assets/images/black-panther-wakanda-forever-3p.jpg', '\r'),
('Superheros', 'assets/images/spider-man-ps4-new-art-el.jpg', 'Premium\r'),
('Superheros', 'assets/images/the-amazing-spidey-fh.jpg', 'Premium\r'),
('Superheros', 'assets/images/daredevil-and-spiderman-art-hc.jpg', 'Premium\r'),
('Superheros', 'assets/images/daredevil-and-spiderman-be.jpg', 'Premium\r'),
('Superheros', 'assets/images/low-poly-spiderman-8b.jpg', 'Premium\r'),
('Superheros', 'assets/images/venom-in-the-city-art-52.jpg', '\r'),
('Superheros', 'assets/images/marvel-spider-man-ps4-fanartwork-eh.jpg', '\r'),
('Superheros', 'assets/images/batwoman-new-artworks-xw.jpg', '\r'),
('Superheros', 'assets/images/x-23-artwork-42.jpg', '\r'),
('Superheros', 'assets/images/wonder-woman-fan-art-10k-kp.jpg', 'Premium\r'),
('Superheros', 'assets/images/spiderman-mk-3-4k-5n.jpg', 'Premium\r'),
('Superheros', 'assets/images/batman-4k-new-artwork-s7.jpg', 'Premium\r'),
('Superheros', 'assets/images/wolverine-8k-oy.jpg', 'Premium\r'),
('Superheros', 'assets/images/office-superman-5k-z0.jpg', '\r'),
('Superheros', 'assets/images/batman-ninja-ps.jpg', 'Premium\r'),
('Superheros', 'assets/images/daredevil-5k-2018-3c.jpg', '\r'),
('Superheros', 'assets/images/red-venom-artwork-4k-vv.jpg', '\r'),
('Superheros', 'assets/images/star-lord-new-artwork-r1.jpg', '\r'),
('Superheros', 'assets/images/harley-quinn-8k-key-art-0f.jpg', 'Premium\r'),
('Superheros', 'assets/images/batman-new-digital-artwork-qw.jpg', '\r'),
('Superheros', 'assets/images/winter-soldier-bucky-barnes-5k-7l.jpg', 'Premium\r'),
('Superheros', 'assets/images/spiderman-4k-new-3p.jpg', '\r'),
('Superheros', 'assets/images/batman-arkham-4k-jr.jpg', 'Premium\r'),
('Superheros', 'assets/images/wonder-woman-4k-new-artwork-wx.jpg', 'Premium\r'),
('Superheros', 'assets/images/batman-behind-bat-signal-b6.jpg', '\r'),
('Superheros', 'assets/images/red-hood-illustrator-34.jpg', 'Premium\r'),
('Superheros', 'assets/images/spiderman4k-dj.jpg', '\r'),
('Superheros', 'assets/images/stan-lee-87.jpg', '\r'),
('Superheros', 'assets/images/arkham-city-nightwing-48.jpg', '\r'),
('Superheros', 'assets/images/batman-the-gotham-knight-5k-l7.jpg', 'Premium\r'),
('Superheros', 'assets/images/deadpool-cool-guy-mr.jpg', '\r'),
('Superheros', 'assets/images/batgirl-monochrome-art-5k-bx.jpg', 'Premium\r'),
('Superheros', 'assets/images/joker-art-hd-0i.jpg', '\r'),
('Superheros', 'assets/images/harley-quinn-4k-artworks-7m.jpg', 'Premium\r'),
('Superheros', 'assets/images/the-dark-knight-4k-pop-0n.jpg', 'Premium\r'),
('Superheros', 'assets/images/joker-new-artwork-4k-bs.jpg', '\r'),
('Superheros', 'assets/images/deadpool-8k-ua.jpg', 'Premium\r'),
('Superheros', 'assets/images/gotham-the-riddler-ju.jpg', 'Premium\r'),
('Superheros', 'assets/images/scarlet-witch-artworks-wp.jpg', '\r'),
('Superheros', 'assets/images/batman-low-poly-illustration-c9.jpg', 'Premium\r'),
('Superheros', 'assets/images/iron-man-typographic-illustration-2i.jpg', 'Premium\r'),
('Superheros', 'assets/images/thor-and-hulk-4k-artwork-j7.jpg', '\r'),
('Superheros', 'assets/images/batman-do-you-bleed-7l.jpg', 'Premium\r'),
('Superheros', 'assets/images/wonder-woman-5k-new-artworks-s8.jpg', '\r'),
('Superheros', 'assets/images/spiderman-2018-artwork-a7.jpg', 'Premium\r'),
('Superheros', 'assets/images/venom-fan-made-poster-id.jpg', '\r'),
('Superheros', 'assets/images/black-adam-and-shazam-gq.jpg', '\r'),
('Television', 'assets/images/joe-keery-stranger-things-fan-art-4k-4m.jpg', 'Premium\r'),
('Television', 'assets/images/titans-robin-tv-series-5k-2018-2d.jpg', 'Premium\r'),
('Television', 'assets/images/supergirl-5k-2018-ml.jpg', 'Premium\r'),
('Television', 'assets/images/miraculous-tales-of-ladybug-and-cat-noir-tz.jpg', '\r'),
('Television', 'assets/images/fbi-tv-series-2018-34.jpg', 'Premium\r'),
('Television', 'assets/images/gotham-5k-x2.jpg', 'Premium\r'),
('Television', 'assets/images/the-haunting-of-hill-house-vi.jpg', '\r'),
('Television', 'assets/images/dolores-abernathy-artwork-z6.jpg', 'Premium\r'),
('Television', 'assets/images/narcos-mexico-zs.jpg', 'Premium\r'),
('Television', 'assets/images/tyler-hoechlin-and-bitsie-tulloch-in-supergirl-mi.jpg', '\r'),
('Television', 'assets/images/supergirl-5k-dl.jpg', '\r'),
('Television', 'assets/images/titans-tv-series-hawk-and-dove-4k-nd.jpg', '\r'),
('Television', 'assets/images/star-wars-rebels-key-art-69.jpg', '\r'),
('Television', 'assets/images/daenerys-targaryen-portrait-digital-art-cs.jpg', '\r'),
('Television', 'assets/images/supergirl-season-4-4k-mc.jpg', 'Premium\r'),
('Television', 'assets/images/american-horror-story-season-8-mm.jpg', 'Premium\r'),
('Television', 'assets/images/cobra-kai-oh.jpg', 'Premium\r'),
('Television', 'assets/images/the-long-road-home-0g.jpg', 'Premium\r'),
('Television', 'assets/images/robin-in-titans-tv-seriers-5k-ks.jpg', 'Premium\r'),
('Television', 'assets/images/jon-snow-arts-2y.jpg', 'Premium\r'),
('Television', 'assets/images/the-punisher-artwork-x4.jpg', '\r'),
('Television', 'assets/images/killing-eve-29.jpg', '\r'),
('Television', 'assets/images/daenerys-targaryen-game-of-thrones-digital-art-74.jpg', '\r'),
('Television', 'assets/images/jon-snow-game-of-thrones-digital-art-ts.jpg', 'Premium\r'),
('Television', 'assets/images/game-of-thrones-4k-art-iv.jpg', '\r'),
('Television', 'assets/images/bates-motel-tv-show-2h.jpg', '\r'),
('Television', 'assets/images/vera-farmiga-in-bates-motel-tv-series-dh.jpg', '\r'),
('Television', 'assets/images/jesse-pinkman-breaking-bad-4k-low-poly-oo.jpg', 'Premium\r'),
('Television', 'assets/images/walter-white-in-breaking-bad-4k-low-poly-85.jpg', 'Premium\r'),
('Television', 'assets/images/walter-white-and-jesse-pinkman-breaking-bad-4k-low-poly-ep.jpg', 'Premium\r'),
('Television', 'assets/images/henry-cavill-as-geralt-the-witcher-netflix-2019-d2.jpg', 'Premium\r'),
('Television', 'assets/images/daredevil-season-3-poster-4k-0r.jpg', '\r'),
('Television', 'assets/images/jon-snow-4k-arts-ab.jpg', 'Premium\r'),
('Television', 'assets/images/daredevil-season-3-art-5k-z1.jpg', '\r'),
('Television', 'assets/images/game-of-thrones-season-8-illustration-uw.jpg', '\r'),
('Television', 'assets/images/henry-cavill-as-geralt-of-rivia-4q.jpg', '\r'),
('Television', 'assets/images/elastiwoman-in-titans-5k-2018-km.jpg', '\r'),
('Television', 'assets/images/robotman-in-titans-4k-2018-3r.jpg', 'Premium\r'),
('Television', 'assets/images/beast-boy-in-titans-5k-2018-ai.jpg', '\r'),
('Television', 'assets/images/raven-in-titans-tv-series-5k-2018-9o.jpg', '\r'),
('Television', 'assets/images/tyler-hoechlin-as-superman-gh.jpg', 'Premium\r'),
('Television', 'assets/images/caity-lotz-legends-of-tomorrow-season-4-6b.jpg', 'Premium\r'),
('Television', 'assets/images/abbey-clancy-britains-next-top-model-x3.jpg', '\r'),
('Television', 'assets/images/iron-fist-5k-aa.jpg', 'Premium\r'),
('Television', 'assets/images/squad-wars-tv-series-37.jpg', 'Premium\r'),
('Television', 'assets/images/supergirl-season-4-melissa-benoist-2018-r8.jpg', 'Premium\r'),
('Television', 'assets/images/lauren-strucker-in-the-gifted-season-2-qn.jpg', '\r'),
('Television', 'assets/images/rick-grimes-the-walking-dead-5k-artwork-wo.jpg', 'Premium\r'),
('Television', 'assets/images/keeley-hawes-bodyguard-netflix-v4.jpg', 'Premium\r'),
('Television', 'assets/images/david-budd-bodyguard-netflix-km.jpg', 'Premium\r'),
('Television', 'assets/images/richard-madden-as-david-budd-in-bodyguard-netflix-4m.jpg', 'Premium\r'),
('Television', 'assets/images/bodyguard-netflix-7h.jpg', '\r'),
('Television', 'assets/images/the-flash-season-5-2018-uw.jpg', 'Premium\r'),
('Television', 'assets/images/black-canary-arrow-season-7-2018-a4.jpg', '\r'),
('Television', 'assets/images/polaris-the-gifted-5k-ko.jpg', 'Premium\r'),
('Television', 'assets/images/mars-tv-show-4k-yy.jpg', 'Premium\r'),
('Television', 'assets/images/vikings-cosplay-4k-gf.jpg', 'Premium\r'),
('Television', 'assets/images/supergirl-tv-show-2018-hd-3x.jpg', '\r'),
('Television', 'assets/images/mars-tv-show-z6.jpg', 'Premium\r'),
('Television', 'assets/images/night-king-artwork-4k-69.jpg', '\r'),
('Television', 'assets/images/the-walking-dead-10k-artwork-iu.jpg', 'Premium\r'),
('Television', 'assets/images/lily-collins-in-les-miserables-2018-c3.jpg', '\r'),
('Television', 'assets/images/the-resident-2018-4k-x1.jpg', '\r'),
('Television', 'assets/images/the-royals-4k-93.jpg', 'Premium\r'),
('Television', 'assets/images/nicole-maines-as-nia-nal-in-supergirl-season-4-az.jpg', 'Premium\r'),
('Television', 'assets/images/daredevil-season-3-4k-09.jpg', '\r'),
('Television', 'assets/images/lethal-weapon-4k-c5.jpg', 'Premium\r'),
('Television', 'assets/images/mars-tv-show-4k-2018-49.jpg', '\r'),
('Television', 'assets/images/hells-kitchen-eo.jpg', '\r'),
('Television', 'assets/images/the-gifted-season-2-4k-key-art-8o.jpg', 'Premium\r'),
('Television', 'assets/images/9-1-1-tv-series-4k-pg.jpg', '\r'),
('Television', 'assets/images/the-four-battle-for-stardom-4k-hb.jpg', '\r'),
('Television', 'assets/images/the-four-battle-for-stardom-2018-4k-ky.jpg', 'Premium\r'),
('Television', 'assets/images/fortnite-hollowhead-7i.jpg', 'Premium\r'),
('Television', 'assets/images/anjelica-bette-fellini-in-gifted-season-2-hx.jpg', '\r'),
('Television', 'assets/images/pickle-rick-i-love-myself-97.jpg', '\r'),
('Television', 'assets/images/the-cw-ruby-rose-as-batwoman-xu.jpg', 'Premium\r'),
('Television', 'assets/images/the-boys-tv-show-4k-6z.jpg', 'Premium\r'),
('Television', 'assets/images/khal-drago-5k-artwork-9s.jpg', 'Premium\r'),
('Television', 'assets/images/benedict-cumberbatch-and-martin-freeman-sherlock-holmes-artwork-5k-zn.jpg', 'Premium\r'),
('Television', 'assets/images/star-trek-discovery-season-2-2019-5k-b0.jpg', 'Premium\r'),
('Television', 'assets/images/rick-walking-dead-5k-artwork-c7.jpg', 'Premium\r'),
('Television', 'assets/images/emilia-clarke-daenerys-targayen-and-dragon-artwork-5k-wg.jpg', '\r'),
('Television', 'assets/images/robin-in-titans-2018-qi.jpg', '\r'),
('Television', 'assets/images/daredevil-season-3-poster-xx.jpg', 'Premium\r'),
('Television', 'assets/images/torchwood-s9.jpg', 'Premium\r'),
('Television', 'assets/images/american-horror-story-apocalypse-5k-cm.jpg', '\r'),
('Television', 'assets/images/game-of-thrones-dragon-artwork-3h.jpg', '\r'),
('Television', 'assets/images/bojack-horseman-bv.jpg', '\r'),
('Television', 'assets/images/krypton-season-2-lobo-qa.jpg', '\r'),
('Television', 'assets/images/bojack-horseman-smoking-artwork-3w.jpg', '\r'),
('Television', 'assets/images/stranger-things-eleven-art-nw.jpg', '\r'),
('Television', 'assets/images/bojack-horseman-4k-yu.jpg', '\r'),
('Television', 'assets/images/the-flash-season-5-5p.jpg', '\r'),
('Television', 'assets/images/beast-boy-raven-and-starfire-in-titans-2018-6c.jpg', '\r'),
('Television', 'assets/images/john-barrowman-as-captain-jack-harkness-in-torchwood-tv-show-4k-11.jpg', 'Premium\r'),
('Television', 'assets/images/picnic-at-hanging-rock-2018-oc.jpg', '\r'),
('Television', 'assets/images/eve-myles-as-gwen-cooper-in-torchwood-tv-show-l1.jpg', '\r'),
('Television', 'assets/images/doctor-who-season-11-4k-2018-vk.jpg', '\r'),
('Television', 'assets/images/legends-of-tomorrow-season-4-john-constantine-sb.jpg', 'Premium\r'),
('Television', 'assets/images/stranger-things-4k-art-1a.jpg', '\r'),
('Television', 'assets/images/rick-and-morty-fan-artwork-uy.jpg', '\r'),
('Television', 'assets/images/its-always-sunny-in-philadelphia-4k-tt.jpg', 'Premium\r'),
('Television', 'assets/images/its-always-sunny-in-philadelphia-1g.jpg', 'Premium\r'),
('Television', 'assets/images/titans-robin-tv-series-5k-dn.jpg', '\r'),
('Television', 'assets/images/kung-fu-panda-the-paws-of-destiny-2018-bf.jpg', '\r'),
('Television', 'assets/images/queer-eye-4k-7e.jpg', 'Premium\r'),
('Television', 'assets/images/queer-eye-fz.jpg', '\r'),
('Television', 'assets/images/legends-of-tomorrow-season-4-3c.jpg', 'Premium\r'),
('Television', 'assets/images/arrow-season-7-i1.jpg', '\r'),
('Television', 'assets/images/oliver-queen-in-arrow-season-7-gi.jpg', '\r'),
('Television', 'assets/images/felicity-smoak-in-arrow-season-7-n8.jpg', 'Premium\r'),
('Television', 'assets/images/lily-sullivan-in-picnic-at-hanging-rock-2018-b8.jpg', '\r'),
('Television', 'assets/images/torchwood-5k-9c.jpg', 'Premium\r'),
('Television', 'assets/images/kai-owen-as-rhys-williams-in-torchwood-tv-show-5k-gh.jpg', 'Premium\r'),
('Television', 'assets/images/kai-owen-as-rhys-williams-in-torchwood-tv-show-h8.jpg', 'Premium\r'),
('Television', 'assets/images/john-barrowman-as-captain-jack-harkness-in-torchwood-tv-show-yz.jpg', '\r'),
('Television', 'assets/images/beast-boy-and-starfire-in-titans-2018-l9.jpg', '\r'),
('Television', 'assets/images/sharp-objects-np.jpg', '\r'),
('Television', 'assets/images/the-real-housewives-of-new-york-city-2018-ri.jpg', '\r'),
('Television', 'assets/images/the-real-housewives-of-new-york-city-5k-ab.jpg', 'Premium\r'),
('Television', 'assets/images/sharp-objects-tv-show-kk.jpg', 'Premium\r'),
('Television', 'assets/images/violet-brinson-and-april-in-sharp-objects-8k.jpg', 'Premium\r'),
('Television', 'assets/images/the-real-housewives-of-new-york-city-41.jpg', 'Premium\r'),
('Television', 'assets/images/world-of-dance-a7.jpg', '\r'),
('Television', 'assets/images/kristin-kreuk-in-burden-of-truth-rr.jpg', 'Premium\r'),
('Television', 'assets/images/burden-of-truth-2018-ne.jpg', 'Premium\r'),
('Television', 'assets/images/burden-of-truth-1s.jpg', '\r'),
('Television', 'assets/images/dexter-digital-art-n3.jpg', 'Premium\r'),
('Television', 'assets/images/benedict-cumberbatch-and-martin-freeman-in-sherlock-holmes-5k-am.jpg', '\r'),
('Television', 'assets/images/rick-and-morty-in-another-dimension-illustration-6c.jpg', '\r'),
('Television', 'assets/images/mr-robot-control-is-an-illusion-art-ws.jpg', '\r'),
('Television', 'assets/images/daredevil-season-3-2018-5t.jpg', '\r'),
('Television', 'assets/images/speechless-q1.jpg', 'Premium\r'),
('Television', 'assets/images/jodie-whittaker-in-doctor-who-season-11-zv.jpg', '\r'),
('Television', 'assets/images/daenerys-targaryen-illustration-4k-2018-9x.jpg', 'Premium\r'),
('Television', 'assets/images/alanna-thompson-and-tristan-ianiero-in-in-dancing-with-the-stars-juniors-zq.jpg', '\r'),
('Television', 'assets/images/skateboarder-sky-brown-and-jt-church-in-dancing-with-the-stars-juniors-l9.jpg', '\r'),
('Television', 'assets/images/dancing-with-the-stars-juniors-q9.jpg', 'Premium\r'),
('Television', 'assets/images/workin-moms-ia.jpg', 'Premium\r'),
('Television', 'assets/images/banana-tv-show-nz.jpg', 'Premium\r'),
('Television', 'assets/images/aubrey-plaza-in-legion-kv.jpg', 'Premium\r'),
('Television', 'assets/images/maniac-2018-tv-show-emma-stone-julia-garner-5k-9j.jpg', 'Premium\r'),
('Television', 'assets/images/maniac-2018-1m.jpg', '\r'),
('Television', 'assets/images/maniac-2t.jpg', 'Premium\r'),
('Television', 'assets/images/maniac-2018-tv-show-emma-stone-julia-garner-ke.jpg', 'Premium\r'),
('Television', 'assets/images/holland-roden-in-lore-season-2-v6.jpg', 'Premium\r'),
('Television', 'assets/images/andrew-lincoln-walking-dead-ab.jpg', '\r'),
('Television', 'assets/images/supergirl-season-4-melissa-benoist-i6.jpg', '\r'),
('Television', 'assets/images/daredevil-season-3-w4.jpg', 'Premium\r'),
('Television', 'assets/images/dick-grayson-as-robin-in-titans-2018-5k-a4.jpg', '\r'),
('Television', 'assets/images/iron-fist-season-2-5k-art-gu.jpg', 'Premium\r'),
('Television', 'assets/images/melissa-fumero-and-stephanie-beatriz-brooklyn-nine-nine-5k-04.jpg', '\r'),
('Television', 'assets/images/the-walking-dead-season-9-2018-l9.jpg', 'Premium\r'),
('Television', 'assets/images/avatar-the-last-airbender-an.jpg', '\r'),
('Television', 'assets/images/melissa-fumero-and-stephanie-beatriz-brooklyn-nine-nine-photoshoot-xr.jpg', '\r'),
('Television', 'assets/images/wallis-day-as-nyssa-vex-in-krypton-pd.jpg', '\r'),
('Television', 'assets/images/katherine-langford-13-reasons-why-illustration-g7.jpg', '\r'),
('Television', 'assets/images/mr-meeseeks-2h.jpg', '\r'),
('Television', 'assets/images/nicole-maines-in-supergirl-season-4-2018-mx.jpg', '\r'),
('Television', 'assets/images/katie-mcgrath-in-supergirl-season-4-2018-li.jpg', 'Premium\r'),
('Television', 'assets/images/doctor-who-2018-4k-4r.jpg', '\r'),
('Television', 'assets/images/dove-in-titans-2018-5k-nr.jpg', 'Premium\r'),
('Television', 'assets/images/brenton-thwaites-as-robin-in-titans-2018-sa.jpg', '\r'),
('Television', 'assets/images/raven-in-titans-tv-series-5k-g7.jpg', 'Premium\r'),
('Television', 'assets/images/killjoys-4k-h4.jpg', 'Premium\r'),
('Television', 'assets/images/colleen-wing-in-iron-fist-season-2-7t.jpg', 'Premium\r'),
('Television', 'assets/images/the-chilling-adventures-of-sabrina-2018-poster-wb.jpg', '\r'),
('Television', 'assets/images/daredevil-5k-a8.jpg', '\r'),
('Television', 'assets/images/elektra-5k-yt.jpg', 'Premium\r'),
('Television', 'assets/images/midnight-texas-tv-series-o2.jpg', '\r'),
('Television', 'assets/images/the-punisher-5k-5z.jpg', 'Premium\r'),
('Television', 'assets/images/snowfall-tv-series-4k-99.jpg', '\r'),
('Television', 'assets/images/flash-and-supergirl-2018-8d.jpg', 'Premium\r'),
('Television', 'assets/images/emily-rios-in-in-snowfall-tv-series-5k-d1.jpg', 'Premium\r'),
('Television', 'assets/images/titans-team-yl.jpg', '\r'),
('Television', 'assets/images/the-gifted-tv-show-4k-m8.jpg', '\r'),
('Television', 'assets/images/killers-within-2018-io.jpg', '\r'),
('Television', 'assets/images/doctor-who-5k-t5.jpg', 'Premium\r'),
('Television', 'assets/images/snowfall-tv-series-ca.jpg', '\r');

--
-- Indexes for dumped tables
--

--
-- Indexes for table `category`
--
ALTER TABLE `category`
  ADD PRIMARY KEY (`category_name`);

--
-- Indexes for table `user`
--
ALTER TABLE `user`
  ADD PRIMARY KEY (`username`);
COMMIT;

/*!40101 SET CHARACTER_SET_CLIENT=@OLD_CHARACTER_SET_CLIENT */;
/*!40101 SET CHARACTER_SET_RESULTS=@OLD_CHARACTER_SET_RESULTS */;
/*!40101 SET COLLATION_CONNECTION=@OLD_COLLATION_CONNECTION */;
